date,rank,team,rating,perc_ratings,wins,losses,w_pct,sos,sos_rank,division,gender,season,is_final,key
9/7/20,1,Seattle Riot,2.96,95.7,28,4,0.88,0.65,6,Club,Women,2019,1,9413
9/7/20,2,Brute Squad,2.94,95.6,22,4,0.85,0.83,5,Club,Women,2019,1,9414
9/7/20,3,Fury,2.82,95.1,26,4,0.87,0.26,11,Club,Women,2019,1,9415
9/7/20,4,6ixers,2.22,91.4,18,6,0.75,0.63,7,Club,Women,2019,1,9416
9/7/20,5,Revolution,2.05,90,4,2,0.67,1.98,3,Club,Women,2019,1,9417
9/7/20,6,Scandal,1.94,88.9,23,9,0.72,0.44,10,Club,Women,2019,1,9418
9/7/20,7,Molly Brown,1.92,88.7,29,7,0.81,-0.37,16,Club,Women,2019,1,9419
9/7/20,8,Phoenix,1.31,81.1,23,10,0.7,0.22,12,Club,Women,2019,1,9420
9/7/20,9,Siege,0.93,74.6,32,8,0.8,-0.81,22,Club,Women,2019,1,9421
9/7/20,10,Schwa,0.86,73.3,23,16,0.59,0.51,8,Club,Women,2019,1,9422
9/7/20,11,Traffic,0.77,71.5,25,8,0.76,-0.72,21,Club,Women,2019,1,9423
9/7/20,12,HUCK,0.56,66.8,2,4,0.33,2.24,1,Club,Women,2019,1,9424
9/7/20,13,Rival,0.4,63.4,21,11,0.66,-0.4,17,Club,Women,2019,1,9425
9/7/20,14,Nightlock,0.28,60.4,19,20,0.49,0.44,9,Club,Women,2019,1,9426
9/7/20,15,Wildfire,0.26,60,19,10,0.66,-0.65,20,Club,Women,2019,1,9427
9/7/20,16,BENT,-0.11,51,21,10,0.68,-1.19,27,Club,Women,2019,1,9428
9/7/20,17,Iris,-0.15,49.8,18,9,0.67,-0.99,24,Club,Women,2019,1,9429
9/7/20,18,Underground,-0.26,47,20,15,0.57,-0.53,18,Club,Women,2019,1,9430
9/7/20,19,Nemesis,-0.45,42.3,16,16,0.5,-0.36,15,Club,Women,2019,1,9431
9/7/20,20,Tabby Rosa,-0.53,40.6,18,7,0.72,-1.61,37,Club,Women,2019,1,9432
9/7/20,21,Pop,-0.59,39,18,13,0.58,-0.96,23,Club,Women,2019,1,9433
9/7/20,22,Ozone,-0.62,38.3,11,15,0.42,-0.07,13,Club,Women,2019,1,9434
9/7/20,23,Virginia Rebellion,-0.68,37,30,9,0.77,-2.44,57,Club,Women,2019,1,9435
9/7/20,24,Grit,-0.75,35.4,15,9,0.62,-1.61,36,Club,Women,2019,1,9436
9/7/20,25,uno,-0.82,33.8,2,4,0.33,0.85,4,Club,Women,2019,1,9437
9/7/20,26,Salty,-0.84,33.3,18,11,0.62,-1.43,31,Club,Women,2019,1,9438
9/7/20,27,LOL,-0.87,32.7,14,7,0.67,-1.76,38,Club,Women,2019,1,9439
9/7/20,28,Steel,-1.01,29.6,14,4,0.78,-2.49,58,Club,Women,2019,1,9440
9/7/20,29,Showdown,-1.06,28.6,13,11,0.54,-1.32,30,Club,Women,2019,1,9441
9/7/20,30,Fusion,-1.09,28,14,2,0.88,-3.29,89,Club,Women,2019,1,9442
9/7/20,31,Wicked,-1.11,27.6,16,11,0.59,-1.53,32,Club,Women,2019,1,9443
9/7/20,32,Warhawks,-1.16,26.6,7,1,0.88,-3.13,82,Club,Women,2019,1,9444
9/7/20,33,Elevate,-1.22,25.4,11,16,0.41,-0.55,19,Club,Women,2019,1,9445
9/7/20,34,German National Team,-1.24,25,1,5,0.17,2,2,Club,Women,2019,1,9446
9/7/20,35,Sneaky House Hippos,-1.31,23.9,8,13,0.38,-0.36,14,Club,Women,2019,1,9447
9/7/20,36,Rebel Rebel,-1.48,20.8,24,8,0.75,-3.26,87,Club,Women,2019,1,9448
9/7/20,37,Indy Rogue,-1.5,20.5,20,7,0.74,-2.89,73,Club,Women,2019,1,9449
9/7/20,38,Seattle Soul,-1.55,19.6,22,14,0.61,-2.11,45,Club,Women,2019,1,9450
9/7/20,39,Colorado Small Batch,-1.64,18.3,12,16,0.43,-1.09,26,Club,Women,2019,1,9451
9/7/20,40,Vice,-1.67,17.9,25,14,0.64,-2.49,59,Club,Women,2019,1,9452
9/7/20,41,PDXtra,-1.67,17.8,5,2,0.71,-2.61,63,Club,Women,2019,1,9453
9/7/20,42,Brooklyn Book Club,-1.74,16.8,29,12,0.71,-3.01,77,Club,Women,2019,1,9454
9/7/20,43,Pine Baroness,-1.81,15.9,17,12,0.59,-2.18,48,Club,Women,2019,1,9455
9/7/20,44,FAB,-1.82,15.8,16,14,0.53,-1.95,42,Club,Women,2019,1,9456
9/7/20,45,Vintage,-1.85,15.4,3,4,0.43,-1.22,28,Club,Women,2019,1,9457
9/7/20,46,Frolic,-1.85,15.3,15,13,0.54,-2.17,47,Club,Women,2019,1,9458
9/7/20,47,Queen Cake,-1.93,14.4,15,11,0.58,-2.33,51,Club,Women,2019,1,9459
9/7/20,48,Crush City,-2.01,13.4,19,8,0.7,-3.29,88,Club,Women,2019,1,9460
9/7/20,49,Korra,-2.05,13,4,3,0.57,-2.35,52,Club,Women,2019,1,9461
9/7/20,50,Stella,-2.08,12.6,7,11,0.39,-1.28,29,Club,Women,2019,1,9462
9/7/20,51,Tempest,-2.09,12.5,3,4,0.43,-1.59,34,Club,Women,2019,1,9463
9/7/20,52,Rampage,-2.21,11.2,11,11,0.5,-2.19,49,Club,Women,2019,1,9464
9/7/20,53,Stellar,-2.22,11.2,14,7,0.67,-3.25,86,Club,Women,2019,1,9465
9/7/20,54,Heist,-2.22,11.2,7,17,0.29,-1.03,25,Club,Women,2019,1,9466
9/7/20,55,V-SQUAD,-2.24,10.9,1,1,0.5,-1.77,39,Club,Women,2019,1,9467
9/7/20,56,Fiasco,-2.37,9.8,9,12,0.43,-2.03,43,Club,Women,2019,1,9468
9/7/20,57,TOX6ix,-2.46,9,6,7,0.46,-2.35,53,Club,Women,2019,1,9469
9/7/20,58,Dish,-2.53,8.5,10,17,0.37,-1.79,41,Club,Women,2019,1,9470
9/7/20,59,Boston,-2.61,7.8,5,2,0.71,-3.8,112,Club,Women,2019,1,9471
9/7/20,60,Venom,-2.63,7.7,15,12,0.56,-2.84,71,Club,Women,2019,1,9472
9/7/20,61,Taco Truck,-2.65,7.5,12,14,0.46,-2.38,55,Club,Women,2019,1,9473
9/7/20,62,Portland Ivy,-2.73,7,7,9,0.44,-2.41,56,Club,Women,2019,1,9474
9/7/20,63,Outbreak,-2.75,6.9,11,13,0.46,-2.49,60,Club,Women,2019,1,9475
9/7/20,64,Agency,-2.78,6.7,19,13,0.59,-3.38,95,Club,Women,2019,1,9476
9/7/20,65,Trainwreck,-2.81,6.5,10,10,0.5,-2.7,66,Club,Women,2019,1,9477
9/7/20,66,2nd Wave,-2.86,6.2,2,2,0.5,-3.18,84,Club,Women,2019,1,9478
9/7/20,67,Helix,-2.89,6,13,8,0.62,-3.59,105,Club,Women,2019,1,9479
9/7/20,68,Crackle,-2.9,6,10,13,0.43,-2.6,61,Club,Women,2019,1,9480
9/7/20,69,Venus,-2.95,5.7,3,8,0.27,-1.54,33,Club,Women,2019,1,9481
9/7/20,70,Huntsville Laika,-3.03,5.3,11,14,0.44,-2.74,67,Club,Women,2019,1,9482
9/7/20,71,Eliza Furnace,-3.1,5,16,15,0.52,-3.13,80,Club,Women,2019,1,9483
9/7/20,72,Notorious C.L.E.,-3.22,4.4,9,10,0.47,-3.14,83,Club,Women,2019,1,9484
9/7/20,73,Iowa Wild Rose,-3.23,4.4,11,10,0.52,-3.44,97,Club,Women,2019,1,9485
9/7/20,74,Ignite,-3.33,4,19,19,0.5,-3.42,96,Club,Women,2019,1,9486
9/7/20,75,Jackwagon,-3.36,3.9,11,16,0.41,-2.7,65,Club,Women,2019,1,9487
9/7/20,76,Trash.,-3.38,3.8,2,4,0.33,-2.89,72,Club,Women,2019,1,9488
9/7/20,77,PLOW,-3.4,3.7,10,15,0.4,-2.9,74,Club,Women,2019,1,9489
9/7/20,78,BUDA U20G,-3.48,3.4,3,3,0.5,-3.9,113,Club,Women,2019,1,9490
9/7/20,79,DC Rogue,-3.52,3.3,3,4,0.43,-3.5,101,Club,Women,2019,1,9491
9/7/20,80,Red Hot Ultimate,-3.62,3,1,5,0.17,-2.16,46,Club,Women,2019,1,9492
9/7/20,81,Texas Tango,-3.64,2.9,2,2,0.5,-4.34,116,Club,Women,2019,1,9493
9/7/20,82,Austin Hex,-3.71,2.7,2,3,0.4,-3.68,109,Club,Women,2019,1,9494
9/7/20,83,Hot Metal,-3.72,2.7,9,25,0.26,-2.37,54,Club,Women,2019,1,9495
9/7/20,84,Viva,-3.83,2.5,8,16,0.33,-2.75,68,Club,Women,2019,1,9496
9/7/20,85,PPF,-3.88,2.3,1,2,0.33,-4.31,115,Club,Women,2019,1,9497
9/7/20,86,Inferno,-3.98,2.1,8,12,0.4,-3.53,102,Club,Women,2019,1,9498
9/7/20,87,Throwback,-4.02,2,2,5,0.29,-3.29,90,Club,Women,2019,1,9499
9/7/20,88,Rush Hour,-4.04,2,6,12,0.33,-3.33,91,Club,Women,2019,1,9500
9/7/20,89,COSMOS,-4.04,2,0,3,0,-2.6,62,Club,Women,2019,1,9501
9/7/20,90,Koi,-4.13,1.8,3,10,0.23,-2.64,64,Club,Women,2019,1,9502
9/7/20,91,Broad City,-4.18,1.7,6,17,0.26,-2.83,69,Club,Women,2019,1,9503
9/7/20,92,Versa,-4.4,1.4,10,23,0.3,-3.21,85,Club,Women,2019,1,9504
9/7/20,93,cATLanta,-4.41,1.4,0,6,0,-2.03,44,Club,Women,2019,1,9505
9/7/20,94,Colorado Cutthroat: Youth Club U-20 Girls,-4.44,1.3,0,6,0,-1.78,40,Club,Women,2019,1,9506
9/7/20,95,Seven Devils,-4.47,1.3,3,11,0.21,-3.13,81,Club,Women,2019,1,9507
9/7/20,96,Cold Cuts,-4.55,1.2,8,21,0.28,-3.37,94,Club,Women,2019,1,9508
9/7/20,97,Autonomous,-4.55,1.2,8,17,0.32,-3.54,103,Club,Women,2019,1,9509
9/7/20,98,Sizzle,-4.65,1.1,0,9,0,-1.6,35,Club,Women,2019,1,9510
9/7/20,99,Valley Ultimate U20 Girls,-4.69,1.1,1,5,0.17,-3.69,110,Club,Women,2019,1,9511
9/7/20,100,Lady Forward,-4.76,1,8,18,0.31,-3.77,111,Club,Women,2019,1,9512
9/7/20,101,Sureshot,-4.83,0.9,6,18,0.25,-3.49,100,Club,Women,2019,1,9513
9/7/20,102,Tempo,-5.01,0.8,3,17,0.15,-2.95,76,Club,Women,2019,1,9514
9/7/20,103,Suffrage,-5.02,0.8,6,17,0.26,-3.36,93,Club,Women,2019,1,9515
9/7/20,104,Ultraviolet,-5.04,0.7,3,16,0.16,-2.92,75,Club,Women,2019,1,9516
9/7/20,105,Honey Pot,-5.24,0.6,0,14,0,-2.33,50,Club,Women,2019,1,9517
9/7/20,106,MystiKuE,-5.35,0.5,4,17,0.19,-3.61,106,Club,Women,2019,1,9518
9/7/20,107,HOPE,-5.46,0.5,3,22,0.12,-3.12,79,Club,Women,2019,1,9519
9/7/20,108,Cazadora,-5.49,0.5,1,8,0.11,-3.57,104,Club,Women,2019,1,9520
9/7/20,109,Roc Paper Scissors,-5.58,0.4,2,11,0.15,-3.65,107,Club,Women,2019,1,9521
9/7/20,110,Pickup Lines,-5.67,0.4,4,19,0.17,-3.46,99,Club,Women,2019,1,9522
9/7/20,111,Belle,-5.77,0.4,0,6,0,-3.66,108,Club,Women,2019,1,9523
9/7/20,112,Oligarchy,-5.81,0.3,1,10,0.09,-3.34,92,Club,Women,2019,1,9524
9/7/20,113,Maeve,-5.88,0.3,1,19,0.05,-2.84,70,Club,Women,2019,1,9525
9/7/20,114,Frenzy,-6,0.3,0,8,0,-3.46,98,Club,Women,2019,1,9526
9/7/20,115,The Matriarchy,-6.28,0.2,0,6,0,-4.18,114,Club,Women,2019,1,9527
9/7/20,116,DINO,-6.74,0.1,1,30,0.03,-3.06,78,Club,Women,2019,1,9528
9/7/20,1,Sockeye,3.61,89.2,27,3,0.9,1.12,13,Club,Men,2019,1,9529
9/7/20,2,PoNY,2.94,80.8,24,6,0.8,1.38,8,Club,Men,2019,1,9530
9/7/20,3,Truck Stop,2.73,77.5,22,8,0.73,1.59,2,Club,Men,2019,1,9531
9/7/20,4,Ring of Fire,2.65,76,15,6,0.71,1.59,3,Club,Men,2019,1,9532
9/7/20,5,Revolver,2.49,72.8,24,7,0.77,0.86,17,Club,Men,2019,1,9533
9/7/20,6,Chicago Machine,2.29,68.7,21,11,0.66,1.29,9,Club,Men,2019,1,9534
9/7/20,7,Sub Zero,2.18,66.4,21,11,0.66,1.42,7,Club,Men,2019,1,9535
9/7/20,8,Furious George,2.1,64.6,30,9,0.77,0.28,20,Club,Men,2019,1,9536
9/7/20,9,GOAT,2.02,62.8,19,9,0.68,1.25,10,Club,Men,2019,1,9537
9/7/20,10,SoCal Condors,1.97,61.5,27,10,0.73,0.4,19,Club,Men,2019,1,9538
9/7/20,11,DiG,1.94,60.9,22,11,0.67,1.1,14,Club,Men,2019,1,9539
9/7/20,12,Nomadic Tribe,1.87,59.1,4,2,0.67,1.55,5,Club,Men,2019,1,9540
9/7/20,13,Vault,1.78,56.9,31,3,0.91,-1.08,62,Club,Men,2019,1,9541
9/7/20,14,CLE Smokestack,1.69,54.7,24,3,0.89,-0.73,44,Club,Men,2019,1,9542
9/7/20,15,Doublewide,1.61,52.7,13,12,0.52,1.58,4,Club,Men,2019,1,9543
9/7/20,16,Johnny Bravo,1.55,51.3,23,13,0.64,0.78,18,Club,Men,2019,1,9544
9/7/20,17,Pittsburgh Temper,1.5,49.9,18,13,0.58,1.16,12,Club,Men,2019,1,9545
9/7/20,18,Yogosbo,1.39,47.3,27,6,0.82,-0.32,30,Club,Men,2019,1,9546
9/7/20,19,Sprout,1.27,44.3,16,4,0.8,-0.38,31,Club,Men,2019,1,9547
9/7/20,20,Rhino Slam!,1.23,43.2,21,19,0.52,0.98,16,Club,Men,2019,1,9548
9/7/20,21,H.I.P,1.13,40.7,32,5,0.86,-1.27,77,Club,Men,2019,1,9549
9/7/20,22,Chain Lightning,1.02,38.3,13,13,0.5,1.09,15,Club,Men,2019,1,9550
9/7/20,23,Patrol,0.94,36.2,17,8,0.68,-0.14,26,Club,Men,2019,1,9551
9/7/20,24,General Strike,0.92,35.8,15,7,0.68,-0.02,24,Club,Men,2019,1,9552
9/7/20,25,Voodoo,0.86,34.4,22,14,0.61,0.17,22,Club,Men,2019,1,9553
9/7/20,26,Brickyard,0.69,30.7,16,8,0.67,-0.21,28,Club,Men,2019,1,9554
9/7/20,27,Clutch,0.55,28,26,7,0.79,-1.04,59,Club,Men,2019,1,9555
9/7/20,28,Mad Men,0.54,27.6,24,10,0.71,-0.49,36,Club,Men,2019,1,9556
9/7/20,29,Nitro,0.48,26.4,18,8,0.69,-0.53,38,Club,Men,2019,1,9557
9/7/20,30,Phoenix,0.42,25.4,9,3,0.75,-1.08,63,Club,Men,2019,1,9558
9/7/20,31,Blueprint,0.36,24.2,21,9,0.7,-0.7,42,Club,Men,2019,1,9559
9/7/20,32,Tanasi,0.34,23.9,32,7,0.82,-1.59,101,Club,Men,2019,1,9560
9/7/20,33,Freaks,0.19,21.2,25,10,0.71,-1.16,70,Club,Men,2019,1,9561
9/7/20,34,Nain Rouge,0.18,21.1,20,11,0.65,-0.53,39,Club,Men,2019,1,9562
9/7/20,35,Lost Boys,0.17,20.9,23,9,0.72,-1.1,65,Club,Men,2019,1,9563
9/7/20,36,Lantern,0.12,20.2,24,8,0.75,-1.25,74,Club,Men,2019,1,9564
9/7/20,37,Black Market I,0.11,20,19,13,0.59,-0.46,34,Club,Men,2019,1,9565
9/7/20,38,Brickhouse,0.1,19.7,9,2,0.82,-1.17,71,Club,Men,2019,1,9566
9/7/20,39,CITYWIDE Special,0.04,18.9,16,10,0.62,-0.49,35,Club,Men,2019,1,9567
9/7/20,40,Mallard,-0.03,17.8,13,8,0.62,-0.52,37,Club,Men,2019,1,9568
9/7/20,41,Inception,-0.04,17.7,17,13,0.57,-0.44,32,Club,Men,2019,1,9569
9/7/20,42,MKE,-0.05,17.5,19,15,0.56,-0.25,29,Club,Men,2019,1,9570
9/7/20,43,Shade,-0.06,17.4,22,11,0.67,-0.95,53,Club,Men,2019,1,9571
9/7/20,44,El Niño,-0.07,17.2,21,10,0.68,-0.97,56,Club,Men,2019,1,9572
9/7/20,45,Cryptic,-0.11,16.6,22,11,0.67,-0.95,54,Club,Men,2019,1,9573
9/7/20,46,Colt,-0.13,16.3,20,6,0.77,-1.67,117,Club,Men,2019,1,9574
9/7/20,47,Prairie Fire,-0.14,16.2,14,15,0.48,0.09,23,Club,Men,2019,1,9575
9/7/20,48,NexGen All-Star Tour,-0.2,15.4,6,7,0.46,0.26,21,Club,Men,2019,1,9576
9/7/20,49,Red Circus,-0.21,15.3,16,15,0.52,-0.19,27,Club,Men,2019,1,9577
9/7/20,50,Blackfish,-0.22,15.1,10,2,0.83,-2.04,156,Club,Men,2019,1,9578
9/7/20,51,Garden State Ultimate,-0.24,14.9,16,10,0.62,-0.78,46,Club,Men,2019,1,9579
9/7/20,52,Haymaker,-0.26,14.7,20,12,0.62,-0.9,52,Club,Men,2019,1,9580
9/7/20,53,UpRoar,-0.36,13.4,14,11,0.56,-0.68,41,Club,Men,2019,1,9581
9/7/20,54,Gaucho,-0.37,13.4,26,13,0.67,-1.35,80,Club,Men,2019,1,9582
9/7/20,55,Bunka Shutter Buzz Bullets,-0.38,13.3,1,5,0.17,2.65,1,Club,Men,2019,1,9583
9/7/20,56,Dreadnought,-0.55,11.4,22,7,0.76,-1.92,142,Club,Men,2019,1,9584
9/7/20,57,Johnny Encore,-0.6,10.9,4,2,0.67,-0.86,48,Club,Men,2019,1,9585
9/7/20,58,Texas United,-0.64,10.5,9,4,0.69,-1.66,112,Club,Men,2019,1,9586
9/7/20,59,Ironmen,-0.68,10.2,26,11,0.7,-1.73,122,Club,Men,2019,1,9587
9/7/20,60,Big Wrench,-0.7,10,20,19,0.51,-0.7,43,Club,Men,2019,1,9588
9/7/20,61,The Killjoys,-0.71,9.8,18,7,0.72,-1.79,126,Club,Men,2019,1,9589
9/7/20,62,Gamble,-0.76,9.4,22,12,0.65,-1.67,116,Club,Men,2019,1,9590
9/7/20,63,Swans,-0.76,9.4,20,15,0.57,-1.1,64,Club,Men,2019,1,9591
9/7/20,64,Scythe,-0.86,8.6,19,15,0.56,-1.16,69,Club,Men,2019,1,9592
9/7/20,65,Turbine,-0.87,8.5,13,12,0.52,-0.82,47,Club,Men,2019,1,9593
9/7/20,66,OAT,-0.88,8.4,16,8,0.67,-1.64,108,Club,Men,2019,1,9594
9/7/20,67,Deathsquad,-0.91,8.3,14,12,0.54,-1,57,Club,Men,2019,1,9595
9/7/20,68,Riverside,-0.92,8.2,20,14,0.59,-1.44,86,Club,Men,2019,1,9596
9/7/20,69,Log Jam,-0.95,8,19,11,0.63,-1.61,103,Club,Men,2019,1,9597
9/7/20,70,Omen,-0.95,7.9,28,17,0.62,-1.63,105,Club,Men,2019,1,9598
9/7/20,71,Ghost Train,-0.99,7.6,15,10,0.6,-1.47,88,Club,Men,2019,1,9599
9/7/20,72,Town Hall Stars,-1.03,7.4,19,10,0.66,-1.67,114,Club,Men,2019,1,9600
9/7/20,73,Minnesota Superior U20B,-1.04,7.3,4,3,0.57,-1.03,58,Club,Men,2019,1,9601
9/7/20,74,Red Dawn,-1.04,7.3,4,3,0.57,-0.97,55,Club,Men,2019,1,9602
9/7/20,75,Battery,-1.05,7.2,18,9,0.67,-1.89,136,Club,Men,2019,1,9603
9/7/20,76,Sawtooth,-1.07,7.1,19,13,0.59,-1.47,89,Club,Men,2019,1,9604
9/7/20,77,"Genny, The Boys GTB",-1.14,6.7,5,1,0.83,-2.58,221,Club,Men,2019,1,9605
9/7/20,78,Magma Bears,-1.17,6.5,19,15,0.56,-1.49,92,Club,Men,2019,1,9606
9/7/20,79,Red Tide,-1.17,6.5,19,14,0.58,-1.54,96,Club,Men,2019,1,9607
9/7/20,80,Harvey Cats,-1.2,6.3,14,12,0.54,-1.39,82,Club,Men,2019,1,9608
9/7/20,81,Black Lung,-1.22,6.2,22,14,0.61,-1.78,124,Club,Men,2019,1,9609
9/7/20,82,Satellite,-1.31,5.7,13,6,0.68,-2.16,169,Club,Men,2019,1,9610
9/7/20,83,John Doe,-1.31,5.7,16,10,0.62,-1.78,123,Club,Men,2019,1,9611
9/7/20,84,Sundowners,-1.32,5.6,17,12,0.59,-1.65,110,Club,Men,2019,1,9612
9/7/20,85,DeMo,-1.33,5.6,13,14,0.48,-1.21,72,Club,Men,2019,1,9613
9/7/20,86,Burly,-1.35,5.5,8,4,0.67,-2.24,179,Club,Men,2019,1,9614
9/7/20,87,ISO Atmo,-1.41,5.2,18,20,0.47,-1.36,81,Club,Men,2019,1,9615
9/7/20,88,Rumspringa,-1.42,5.1,7,7,0.5,-1.27,76,Club,Men,2019,1,9616
9/7/20,89,ATLiens,-1.43,5.1,8,6,0.57,-1.63,104,Club,Men,2019,1,9617
9/7/20,90,Somerville BAG,-1.5,4.7,19,13,0.59,-2.01,152,Club,Men,2019,1,9618
9/7/20,91,Mango Tree,-1.54,4.6,4,1,0.8,-3.05,253,Club,Men,2019,1,9619
9/7/20,92,SOUF,-1.55,4.5,6,8,0.43,-0.77,45,Club,Men,2019,1,9620
9/7/20,93,Bullet,-1.56,4.5,15,15,0.5,-1.49,91,Club,Men,2019,1,9621
9/7/20,94,Enigma,-1.58,4.4,18,9,0.67,-2.43,200,Club,Men,2019,1,9622
9/7/20,95,Richmond Floodwall,-1.58,4.4,13,17,0.43,-1.14,67,Club,Men,2019,1,9623
9/7/20,96,Streetgang,-1.59,4.3,14,13,0.52,-1.65,109,Club,Men,2019,1,9624
9/7/20,97,Red Hots - u20,-1.6,4.3,3,4,0.43,-1.05,60,Club,Men,2019,1,9625
9/7/20,98,Choice City Hops,-1.63,4.2,17,14,0.55,-1.86,132,Club,Men,2019,1,9626
9/7/20,99,Guerrilla,-1.66,4,6,15,0.29,-0.05,25,Club,Men,2019,1,9627
9/7/20,100,Vicious Cycle,-1.67,4,8,5,0.62,-2.25,181,Club,Men,2019,1,9628
9/7/20,101,HouSE,-1.68,4,13,14,0.48,-1.5,93,Club,Men,2019,1,9629
9/7/20,102,H.O.G. Ultimate,-1.69,4,19,16,0.54,-1.9,137,Club,Men,2019,1,9630
9/7/20,103,Black Market II,-1.72,3.9,14,14,0.5,-1.68,118,Club,Men,2019,1,9631
9/7/20,104,Imperial,-1.72,3.8,11,9,0.55,-1.92,141,Club,Men,2019,1,9632
9/7/20,105,Papa Bear,-1.75,3.7,19,16,0.54,-1.98,148,Club,Men,2019,1,9633
9/7/20,106,Club M - Manic,-1.78,3.6,2,4,0.33,-0.87,50,Club,Men,2019,1,9634
9/7/20,107,Babe,-1.78,3.6,16,9,0.64,-2.53,213,Club,Men,2019,1,9635
9/7/20,108,Fathom,-1.82,3.5,12,14,0.46,-1.44,87,Club,Men,2019,1,9636
9/7/20,109,JAWN,-1.83,3.5,15,13,0.54,-1.94,144,Club,Men,2019,1,9637
9/7/20,110,Sherbrooke Gentlemen's Club,-1.85,3.4,2,4,0.33,-0.86,49,Club,Men,2019,1,9638
9/7/20,111,Charleston Heat Stroke,-1.87,3.3,11,15,0.42,-1.43,84,Club,Men,2019,1,9639
9/7/20,112,Comunidad El Oso,-1.87,3.3,1,5,0.17,1.19,11,Club,Men,2019,1,9640
9/7/20,113,Dynasty,-1.93,3.1,11,8,0.58,-2.36,193,Club,Men,2019,1,9641
9/7/20,114,Swamp Horse,-1.93,3.1,12,12,0.5,-1.88,135,Club,Men,2019,1,9642
9/7/20,115,Genny The Boys GTB,-1.94,3.1,8,11,0.42,-1.48,90,Club,Men,2019,1,9643
9/7/20,116,Bash Bros,-1.97,3,6,11,0.35,-1.11,66,Club,Men,2019,1,9644
9/7/20,117,Oregon Eruption!,-2,2.9,3,3,0.5,-1.86,131,Club,Men,2019,1,9645
9/7/20,118,Dohrk Stor,-2.02,2.9,2,4,0.33,-1.07,61,Club,Men,2019,1,9646
9/7/20,119,Timber,-2.02,2.9,13,21,0.38,-1.3,78,Club,Men,2019,1,9647
9/7/20,120,Green Means Bro,-2.07,2.7,4,4,0.5,-2.02,154,Club,Men,2019,1,9648
9/7/20,121,Slag Dump,-2.09,2.7,10,13,0.43,-1.64,107,Club,Men,2019,1,9649
9/7/20,122,Dark Star,-2.11,2.6,8,12,0.4,-1.31,79,Club,Men,2019,1,9650
9/7/20,123,DNA,-2.11,2.6,3,4,0.43,-1.53,95,Club,Men,2019,1,9651
9/7/20,124,Shrike,-2.12,2.6,8,6,0.57,-2.51,210,Club,Men,2019,1,9652
9/7/20,125,Oakgrove Boys,-2.13,2.6,8,15,0.35,-1.25,73,Club,Men,2019,1,9653
9/7/20,126,Low Point,-2.16,2.5,3,3,0.5,-2.26,183,Club,Men,2019,1,9654
9/7/20,127,Club M - Magma,-2.18,2.5,1,4,0.2,-0.44,33,Club,Men,2019,1,9655
9/7/20,128,Regiment,-2.19,2.4,2,6,0.25,-0.89,51,Club,Men,2019,1,9656
9/7/20,129,Johnny Walker,-2.2,2.4,2,4,0.33,-1.15,68,Club,Men,2019,1,9657
9/7/20,130,Rush Hour ATL,-2.21,2.4,19,21,0.48,-2.05,158,Club,Men,2019,1,9658
9/7/20,131,Ditto A,-2.23,2.3,11,8,0.58,-2.7,233,Club,Men,2019,1,9659
9/7/20,132,Cockfight,-2.23,2.3,5,9,0.36,-1.52,94,Club,Men,2019,1,9660
9/7/20,133,ScooberDivers,-2.25,2.3,10,10,0.5,-2.28,184,Club,Men,2019,1,9661
9/7/20,134,THE BODY,-2.25,2.3,6,7,0.46,-2.11,163,Club,Men,2019,1,9662
9/7/20,135,Big Muscle Boys,-2.26,2.3,2,3,0.4,-1.67,115,Club,Men,2019,1,9663
9/7/20,136,White Sauce Hot Sauce,-2.31,2.2,2,2,0.5,-2.43,202,Club,Men,2019,1,9664
9/7/20,137,Kentucky Flying Circus,-2.32,2.1,17,20,0.46,-2.11,165,Club,Men,2019,1,9665
9/7/20,138,Seattle Blacklist,-2.32,2.1,7,10,0.41,-1.55,98,Club,Men,2019,1,9666
9/7/20,139,Rougaroux,-2.34,2.1,11,15,0.42,-1.98,149,Club,Men,2019,1,9667
9/7/20,140,Space Coast Ultimate,-2.34,2.1,10,9,0.53,-2.56,219,Club,Men,2019,1,9668
9/7/20,141,CaSTLe,-2.39,2,11,12,0.48,-2.34,191,Club,Men,2019,1,9669
9/7/20,142,Watchdogs,-2.39,2,14,18,0.44,-1.93,143,Club,Men,2019,1,9670
9/7/20,143,Journeymen,-2.41,2,3,3,0.5,-2.5,209,Club,Men,2019,1,9671
9/7/20,144,BlackER Market Y,-2.41,2,3,3,0.5,-2.63,227,Club,Men,2019,1,9672
9/7/20,145,Kansas City Smokestack,-2.45,1.9,9,12,0.43,-2.13,167,Club,Men,2019,1,9673
9/7/20,146,Predator,-2.46,1.9,11,9,0.55,-2.74,237,Club,Men,2019,1,9674
9/7/20,147,Not A Sport,-2.48,1.8,3,3,0.5,-2.54,215,Club,Men,2019,1,9675
9/7/20,148,BUDA U20B,-2.48,1.8,3,3,0.5,-2.61,224,Club,Men,2019,1,9676
9/7/20,149,Glycerine,-2.5,1.8,14,18,0.44,-2.17,171,Club,Men,2019,1,9677
9/7/20,150,Green River Swordfish,-2.51,1.8,9,14,0.39,-1.84,129,Club,Men,2019,1,9678
9/7/20,151,Foxtrot,-2.52,1.8,11,16,0.41,-2.04,157,Club,Men,2019,1,9679
9/7/20,152,baNC,-2.53,1.8,8,17,0.32,-1.57,99,Club,Men,2019,1,9680
9/7/20,153,Supercell,-2.53,1.7,11,16,0.41,-1.91,139,Club,Men,2019,1,9681
9/7/20,154,Little Teapots,-2.54,1.7,3,3,0.5,-2.71,234,Club,Men,2019,1,9682
9/7/20,155,Foggy Bottom Boys,-2.62,1.6,1,3,0.25,-1.78,125,Club,Men,2019,1,9683
9/7/20,156,Medicine Men,-2.62,1.6,4,8,0.33,-1.63,106,Club,Men,2019,1,9684
9/7/20,157,Space Cowboys,-2.63,1.6,9,19,0.32,-1.67,113,Club,Men,2019,1,9685
9/7/20,158,Ender's Outcasts,-2.63,1.6,12,15,0.44,-2.39,198,Club,Men,2019,1,9686
9/7/20,159,Overcast,-2.64,1.6,11,17,0.39,-2.06,159,Club,Men,2019,1,9687
9/7/20,160,One Night,-2.65,1.5,12,15,0.44,-2.41,199,Club,Men,2019,1,9688
9/7/20,161,DOGGPOUND,-2.66,1.5,8,12,0.4,-2.02,155,Club,Men,2019,1,9689
9/7/20,162,PowderHogs,-2.67,1.5,9,20,0.31,-1.58,100,Club,Men,2019,1,9690
9/7/20,163,Hazard,-2.69,1.5,9,10,0.47,-2.55,217,Club,Men,2019,1,9691
9/7/20,164,Barefoot,-2.71,1.5,6,6,0.5,-2.72,236,Club,Men,2019,1,9692
9/7/20,165,MomINtuM,-2.74,1.4,6,7,0.46,-2.65,229,Club,Men,2019,1,9693
9/7/20,166,Rising Tide U20B,-2.78,1.4,2,4,0.33,-2.11,166,Club,Men,2019,1,9694
9/7/20,167,Kingdome,-2.8,1.3,1,3,0.25,-1.68,119,Club,Men,2019,1,9695
9/7/20,168,Flash Flood,-2.81,1.3,2,4,0.33,-2,150,Club,Men,2019,1,9696
9/7/20,169,MAKAWUA,-2.82,1.3,0,6,0,1.5,6,Club,Men,2019,1,9697
9/7/20,170,Adelphos,-2.84,1.3,7,11,0.39,-2.28,185,Club,Men,2019,1,9698
9/7/20,171,Carolina Sky,-2.86,1.3,2,3,0.4,-2.77,239,Club,Men,2019,1,9699
9/7/20,172,Louisiana Second Line,-2.88,1.2,6,8,0.43,-2.39,197,Club,Men,2019,1,9700
9/7/20,173,Bomb Squad,-2.91,1.2,7,12,0.37,-2.21,175,Club,Men,2019,1,9701
9/7/20,174,Helots,-2.96,1.1,8,9,0.47,-2.94,249,Club,Men,2019,1,9702
9/7/20,175,Syndicate,-2.98,1.1,8,12,0.4,-2.48,207,Club,Men,2019,1,9703
9/7/20,176,DUPlex,-3.02,1.1,4,9,0.31,-2.1,160,Club,Men,2019,1,9704
9/7/20,177,Rawhide,-3.04,1.1,5,10,0.33,-2.33,190,Club,Men,2019,1,9705
9/7/20,178,Festive Salmon,-3.05,1,1,3,0.25,-2.35,192,Club,Men,2019,1,9706
9/7/20,179,Black Knights,-3.08,1,2,3,0.4,-2.83,247,Club,Men,2019,1,9707
9/7/20,180,Rock Steady,-3.18,0.9,1,4,0.2,-1.98,147,Club,Men,2019,1,9708
9/7/20,181,UpRoar Claws,-3.18,0.9,1,4,0.2,-2,151,Club,Men,2019,1,9709
9/7/20,182,A-Block,-3.21,0.9,3,4,0.43,-3.18,258,Club,Men,2019,1,9710
9/7/20,183,Waste Management Squad,-3.22,0.9,0,4,0,-0.64,40,Club,Men,2019,1,9711
9/7/20,184,DINGWOP,-3.23,0.9,1,5,0.17,-1.4,83,Club,Men,2019,1,9712
9/7/20,185,Colorado Cutthroat: Youth Club U-20 Boys,-3.26,0.8,3,10,0.23,-1.8,127,Club,Men,2019,1,9713
9/7/20,186,E.V.I.L.,-3.3,0.8,9,16,0.36,-2.46,204,Club,Men,2019,1,9714
9/7/20,187,Milwaukee Revival,-3.3,0.8,6,19,0.24,-1.84,128,Club,Men,2019,1,9715
9/7/20,188,Boulder United Flatiron Hammers,-3.31,0.8,2,5,0.29,-2.48,206,Club,Men,2019,1,9716
9/7/20,189,Apollo 7,-3.32,0.8,2,4,0.33,-2.82,244,Club,Men,2019,1,9717
9/7/20,190,BlackER Market X,-3.34,0.8,2,4,0.33,-2.95,250,Club,Men,2019,1,9718
9/7/20,191,The Berkeley Bobcats,-3.34,0.8,1,4,0.2,-2.5,208,Club,Men,2019,1,9719
9/7/20,192,Arithmetic Ultimate,-3.36,0.8,1,4,0.2,-2.3,188,Club,Men,2019,1,9720
9/7/20,193,Battleship,-3.39,0.7,7,12,0.37,-2.79,240,Club,Men,2019,1,9721
9/7/20,194,Midnight Meat Train,-3.4,0.7,6,13,0.32,-2.43,203,Club,Men,2019,1,9722
9/7/20,195,Red Bat,-3.43,0.7,4,14,0.22,-1.95,145,Club,Men,2019,1,9723
9/7/20,196,NEO,-3.47,0.7,9,18,0.33,-2.55,216,Club,Men,2019,1,9724
9/7/20,197,Highlight Reel,-3.47,0.7,2,4,0.33,-3.16,256,Club,Men,2019,1,9725
9/7/20,198,Rampage,-3.49,0.7,6,13,0.32,-2.63,226,Club,Men,2019,1,9726
9/7/20,199,Traffic,-3.52,0.7,1,5,0.17,-2.16,170,Club,Men,2019,1,9727
9/7/20,200,Villains,-3.53,0.6,3,10,0.23,-2.21,176,Club,Men,2019,1,9728
9/7/20,201,Old Ephraim,-3.55,0.6,0,4,0,-1.65,111,Club,Men,2019,1,9729
9/7/20,202,Madhouse,-3.56,0.6,3,9,0.25,-2.37,195,Club,Men,2019,1,9730
9/7/20,203,Tsunami B,-3.56,0.6,2,6,0.25,-2.54,214,Club,Men,2019,1,9731
9/7/20,204,Yacht Club,-3.59,0.6,3,10,0.23,-2.31,189,Club,Men,2019,1,9732
9/7/20,205,Sky Hook,-3.62,0.6,7,16,0.3,-2.56,218,Club,Men,2019,1,9733
9/7/20,206,Fusion,-3.63,0.6,2,5,0.29,-2.83,246,Club,Men,2019,1,9734
9/7/20,207,Chimney,-3.63,0.6,8,18,0.31,-2.72,235,Club,Men,2019,1,9735
9/7/20,208,Winc City Fog of War,-3.63,0.6,3,13,0.19,-2.11,164,Club,Men,2019,1,9736
9/7/20,209,Flying Pig,-3.66,0.6,2,5,0.29,-2.95,252,Club,Men,2019,1,9737
9/7/20,210,Gonzaga,-3.71,0.5,0,4,0,-1.59,102,Club,Men,2019,1,9738
9/7/20,211,Rip City,-3.74,0.5,2,11,0.15,-1.85,130,Club,Men,2019,1,9739
9/7/20,212,Alamode,-3.76,0.5,8,18,0.31,-2.57,220,Club,Men,2019,1,9740
9/7/20,213,Goaltimate All Stars,-3.76,0.5,1,5,0.17,-2.02,153,Club,Men,2019,1,9741
9/7/20,214,Watch City,-3.77,0.5,2,10,0.17,-2.22,177,Club,Men,2019,1,9742
9/7/20,215,Axial Tilt,-3.79,0.5,0,4,0,-1.87,133,Club,Men,2019,1,9743
9/7/20,216,Spring Break '93,-3.79,0.5,5,14,0.26,-2.66,231,Club,Men,2019,1,9744
9/7/20,217,Miner Magic,-3.8,0.5,0,4,0,-1.71,120,Club,Men,2019,1,9745
9/7/20,218,Cojones,-3.82,0.5,4,19,0.17,-1.95,146,Club,Men,2019,1,9746
9/7/20,219,Red Imp.ala,-3.82,0.5,5,19,0.21,-2.25,180,Club,Men,2019,1,9747
9/7/20,220,Fathom II,-3.84,0.5,0,4,0,-1.54,97,Club,Men,2019,1,9748
9/7/20,221,Thunder Boys,-3.85,0.5,3,15,0.17,-2.16,168,Club,Men,2019,1,9749
9/7/20,222,Nasty Girls,-3.85,0.5,1,5,0.17,-2.25,182,Club,Men,2019,1,9750
9/7/20,223,HB Woodlawn,-3.91,0.4,0,5,0,-1.43,85,Club,Men,2019,1,9751
9/7/20,224,Bearproof,-3.92,0.4,4,13,0.24,-2.62,225,Club,Men,2019,1,9752
9/7/20,225,OC Crows,-3.94,0.4,4,18,0.18,-2.1,162,Club,Men,2019,1,9753
9/7/20,226,Texas Heatwave,-3.99,0.4,2,5,0.29,-2.92,248,Club,Men,2019,1,9754
9/7/20,227,Space Force,-4.02,0.4,1,5,0.17,-2.95,251,Club,Men,2019,1,9755
9/7/20,228,Bees,-4.03,0.4,1,5,0.17,-2.81,242,Club,Men,2019,1,9756
9/7/20,229,Huckleberry,-4.04,0.4,0,4,0,-2.29,186,Club,Men,2019,1,9757
9/7/20,230,Hail Mary,-4.04,0.4,1,10,0.09,-1.9,138,Club,Men,2019,1,9758
9/7/20,231,Hot Tamales,-4.06,0.4,1,5,0.17,-2.74,238,Club,Men,2019,1,9759
9/7/20,232,Fargoats,-4.07,0.4,0,6,0,-1.26,75,Club,Men,2019,1,9760
9/7/20,233,Stuyvesant Sticky Fingers Alumni,-4.11,0.4,1,4,0.2,-3.13,254,Club,Men,2019,1,9761
9/7/20,234,Kettering,-4.11,0.4,1,4,0.2,-3.14,255,Club,Men,2019,1,9762
9/7/20,235,Trent's Team,-4.11,0.4,3,11,0.21,-2.67,232,Club,Men,2019,1,9763
9/7/20,236,Quaze,-4.19,0.3,2,10,0.17,-2.43,201,Club,Men,2019,1,9764
9/7/20,237,Scootlyfe,-4.27,0.3,1,10,0.09,-2.2,173,Club,Men,2019,1,9765
9/7/20,238,Bird Patrol,-4.36,0.3,4,15,0.21,-2.8,241,Club,Men,2019,1,9766
9/7/20,239,Komori,-4.37,0.3,0,6,0,-1.71,121,Club,Men,2019,1,9767
9/7/20,240,Neap Tide,-4.38,0.3,0,3,0,-3.33,259,Club,Men,2019,1,9768
9/7/20,241,Tyranny,-4.4,0.3,1,11,0.08,-2.21,174,Club,Men,2019,1,9769
9/7/20,242,Philadelphia Padawans,-4.46,0.3,0,5,0,-2.1,161,Club,Men,2019,1,9770
9/7/20,243,Gentlemen's Club,-4.46,0.3,2,11,0.15,-2.65,230,Club,Men,2019,1,9771
9/7/20,244,Sandbaggers,-4.47,0.3,1,10,0.09,-2.29,187,Club,Men,2019,1,9772
9/7/20,245,Surrilic Audovice,-4.47,0.3,3,17,0.15,-2.37,196,Club,Men,2019,1,9773
9/7/20,246,Ditto B,-4.48,0.3,0,5,0,-2.64,228,Club,Men,2019,1,9774
9/7/20,247,War Machine,-4.56,0.2,5,24,0.17,-2.59,223,Club,Men,2019,1,9775
9/7/20,248,desert penguins,-4.6,0.2,0,6,0,-1.88,134,Club,Men,2019,1,9776
9/7/20,249,Messengers,-4.62,0.2,3,22,0.12,-2.19,172,Club,Men,2019,1,9777
9/7/20,250,Texas Toast,-4.64,0.2,1,11,0.08,-2.36,194,Club,Men,2019,1,9778
9/7/20,251,Identity Crisis,-4.79,0.2,0,7,0,-2.53,212,Club,Men,2019,1,9779
9/7/20,252,Daybreak,-4.81,0.2,1,18,0.05,-1.92,140,Club,Men,2019,1,9780
9/7/20,253,Genny Lite,-4.87,0.2,2,13,0.13,-2.82,245,Club,Men,2019,1,9781
9/7/20,254,Flying Dutchmen,-4.89,0.2,2,17,0.11,-2.58,222,Club,Men,2019,1,9782
9/7/20,255,Cincinnati Flying Piglet,-4.91,0.2,0,7,0,-2.52,211,Club,Men,2019,1,9783
9/7/20,256,Black Market III,-5.05,0.1,1,16,0.06,-2.47,205,Club,Men,2019,1,9784
9/7/20,257,Traffic M,-5.07,0.1,1,9,0.1,-3.18,257,Club,Men,2019,1,9785
9/7/20,258,Buffalo Open,-5.52,0.1,1,15,0.06,-2.82,243,Club,Men,2019,1,9786
9/7/20,259,defunCT,-5.8,0.1,0,17,0,-2.23,178,Club,Men,2019,1,9787
9/7/20,1,Drag'n Thrust,3.5,88.4,26,4,0.87,1.39,4,Club,Mixed,2019,1,9788
9/7/20,2,Seattle Mixtape,3.31,86.4,32,5,0.86,1.06,10,Club,Mixed,2019,1,9789
9/7/20,3,AMP,3.14,84.3,30,5,0.86,1.05,11,Club,Mixed,2019,1,9790
9/7/20,4,BFG,2.59,75.6,25,8,0.76,1.13,9,Club,Mixed,2019,1,9791
9/7/20,5,Wild Card,2.52,74.1,32,7,0.82,0.42,23,Club,Mixed,2019,1,9792
9/7/20,6,shame.,2.41,72.1,21,8,0.72,1.24,6,Club,Mixed,2019,1,9793
9/7/20,7,Mischief,2.39,71.6,21,10,0.68,1.42,3,Club,Mixed,2019,1,9794
9/7/20,8,Superlame,2.37,71.2,29,4,0.88,-0.45,49,Club,Mixed,2019,1,9795
9/7/20,9,Slow White,2.29,69.5,27,13,0.68,1.39,5,Club,Mixed,2019,1,9796
9/7/20,10,Lochsa,1.83,58.9,23,9,0.72,0.53,22,Club,Mixed,2019,1,9797
9/7/20,11,Loco,1.79,58.1,27,6,0.82,-0.14,36,Club,Mixed,2019,1,9798
9/7/20,12,Snake Country,1.68,55.4,20,14,0.59,1.16,7,Club,Mixed,2019,1,9799
9/7/20,13,Weird,1.67,55,26,6,0.81,-0.3,43,Club,Mixed,2019,1,9800
9/7/20,14,Columbus Cocktails,1.64,54.3,26,15,0.63,0.95,13,Club,Mixed,2019,1,9801
9/7/20,15,Toro,1.56,52.3,21,14,0.6,1.15,8,Club,Mixed,2019,1,9802
9/7/20,16,Love Tractor,1.49,50.7,25,13,0.66,0.56,18,Club,Mixed,2019,1,9803
9/7/20,17,Space Heater,1.46,50,15,14,0.52,1.53,2,Club,Mixed,2019,1,9804
9/7/20,18,Steamboat,1.43,49,21,4,0.84,-0.48,51,Club,Mixed,2019,1,9805
9/7/20,19,Public Enemy,1.29,45.7,24,11,0.69,0.18,27,Club,Mixed,2019,1,9806
9/7/20,20,Hybrid,1.26,44.9,25,5,0.83,-0.75,56,Club,Mixed,2019,1,9807
9/7/20,21,MOONDOG,1.24,44.4,25,15,0.62,0.55,19,Club,Mixed,2019,1,9808
9/7/20,22,Polar Bears,1.23,44.3,21,12,0.64,0.54,20,Club,Mixed,2019,1,9809
9/7/20,23,Blackbird,1.19,43.1,17,7,0.71,-0.1,35,Club,Mixed,2019,1,9810
9/7/20,24,Bucket,1.14,41.9,17,8,0.68,0.3,25,Club,Mixed,2019,1,9811
9/7/20,25,Storm,1.12,41.5,23,9,0.72,-0.05,33,Club,Mixed,2019,1,9812
9/7/20,26,The Chad Larson Experience,1.08,40.4,17,7,0.71,0.04,28,Club,Mixed,2019,1,9813
9/7/20,27,'Shine,1.01,38.8,21,5,0.81,-0.85,63,Club,Mixed,2019,1,9814
9/7/20,28,Alloy,0.89,36,23,14,0.62,0.19,26,Club,Mixed,2019,1,9815
9/7/20,29,Rally,0.89,36,24,12,0.67,0,32,Club,Mixed,2019,1,9816
9/7/20,30,NOISE,0.84,35,15,10,0.6,0.34,24,Club,Mixed,2019,1,9817
9/7/20,31,Murmur,0.81,34.1,19,7,0.73,-0.43,48,Club,Mixed,2019,1,9818
9/7/20,32,Garage Sale,0.79,33.7,23,4,0.85,-1.4,94,Club,Mixed,2019,1,9819
9/7/20,33,Huntsville Outlaws,0.75,33,28,5,0.85,-1.59,114,Club,Mixed,2019,1,9820
9/7/20,34,U54 Ultimate,0.74,32.6,9,1,0.9,-1.25,81,Club,Mixed,2019,1,9821
9/7/20,35,Ellipsis,0.57,29,2,4,0.33,2.15,1,Club,Mixed,2019,1,9822
9/7/20,36,No Touching!,0.56,28.8,8,8,0.5,0.87,14,Club,Mixed,2019,1,9823
9/7/20,37,Boomtown,0.52,28,21,2,0.91,-1.94,153,Club,Mixed,2019,1,9824
9/7/20,38,Lights Out,0.48,27.2,20,12,0.62,-0.14,37,Club,Mixed,2019,1,9825
9/7/20,39,Waterloo,0.47,27,19,3,0.86,-1.8,134,Club,Mixed,2019,1,9826
9/7/20,40,Lotus,0.46,26.9,25,9,0.74,-0.87,65,Club,Mixed,2019,1,9827
9/7/20,41,Chalice,0.43,26.3,16,8,0.67,-0.3,42,Club,Mixed,2019,1,9828
9/7/20,42,Woodwork,0.31,24,18,13,0.58,0.01,31,Club,Mixed,2019,1,9829
9/7/20,43,Malice in Wonderland,0.29,23.6,17,10,0.63,-0.4,46,Club,Mixed,2019,1,9830
9/7/20,44,XIST,0.21,22.1,13,19,0.41,0.84,15,Club,Mixed,2019,1,9831
9/7/20,45,League of Shadows,0.2,22,23,14,0.62,-0.34,44,Club,Mixed,2019,1,9832
9/7/20,46,Darkwing,0.19,21.9,26,8,0.76,-1.28,84,Club,Mixed,2019,1,9833
9/7/20,47,Toast,0.07,19.9,22,9,0.71,-1.05,72,Club,Mixed,2019,1,9834
9/7/20,48,Cutthroat,0,18.7,24,10,0.71,-1.06,73,Club,Mixed,2019,1,9835
9/7/20,49,Minnesota Star Power,-0.01,18.6,15,12,0.56,-0.19,38,Club,Mixed,2019,1,9836
9/7/20,50,Petey's Pirates,-0.03,18.3,30,7,0.81,-2.03,162,Club,Mixed,2019,1,9837
9/7/20,51,Pivot,-0.06,17.9,23,7,0.77,-1.47,101,Club,Mixed,2019,1,9838
9/7/20,52,Birdfruit,-0.06,17.9,18,15,0.55,-0.25,41,Club,Mixed,2019,1,9839
9/7/20,53,Classy,-0.08,17.6,20,13,0.61,-0.5,52,Club,Mixed,2019,1,9840
9/7/20,54,Jughandle,-0.09,17.4,9,18,0.33,1.01,12,Club,Mixed,2019,1,9841
9/7/20,55,Mesteño,-0.2,15.9,16,16,0.5,-0.1,34,Club,Mixed,2019,1,9842
9/7/20,56,Sparkle Ponies,-0.33,14.3,16,11,0.59,-0.71,54,Club,Mixed,2019,1,9843
9/7/20,57,Grand Army,-0.33,14.3,14,12,0.54,-0.42,47,Club,Mixed,2019,1,9844
9/7/20,58,Bunnies,-0.34,14.1,9,4,0.69,-1.12,77,Club,Mixed,2019,1,9845
9/7/20,59,BW Ultimate,-0.37,13.7,12,13,0.48,-0.21,39,Club,Mixed,2019,1,9846
9/7/20,60,Northern Comfort,-0.38,13.6,20,14,0.59,-0.79,59,Club,Mixed,2019,1,9847
9/7/20,61,Flight Club,-0.43,13,19,14,0.58,-0.72,55,Club,Mixed,2019,1,9848
9/7/20,62,Mojo Jojo,-0.49,12.4,18,8,0.69,-1.45,99,Club,Mixed,2019,1,9849
9/7/20,63,Garbage Plates,-0.53,12,18,5,0.78,-1.93,152,Club,Mixed,2019,1,9850
9/7/20,64,FlyTrap,-0.54,11.9,20,14,0.59,-0.96,67,Club,Mixed,2019,1,9851
9/7/20,65,Rubix,-0.55,11.8,16,16,0.5,-0.47,50,Club,Mixed,2019,1,9852
9/7/20,66,Metro North,-0.57,11.5,16,18,0.47,-0.38,45,Club,Mixed,2019,1,9853
9/7/20,67,JLP,-0.64,10.8,13,20,0.39,0.04,29,Club,Mixed,2019,1,9854
9/7/20,68,Donuts,-0.64,10.8,27,14,0.66,-1.52,106,Club,Mixed,2019,1,9855
9/7/20,69,The Administrators,-0.67,10.6,19,11,0.63,-1.38,93,Club,Mixed,2019,1,9856
9/7/20,70,Trash Pandas,-0.68,10.5,26,14,0.65,-1.53,108,Club,Mixed,2019,1,9857
9/7/20,71,Chaotic Good,-0.68,10.5,18,14,0.56,-0.85,64,Club,Mixed,2019,1,9858
9/7/20,72,The Feminists,-0.69,10.4,16,13,0.55,-0.85,62,Club,Mixed,2019,1,9859
9/7/20,73,8 Bit Heroes,-0.7,10.3,14,19,0.42,-0.24,40,Club,Mixed,2019,1,9860
9/7/20,74,Auburn HeyDay,-0.72,10.1,22,13,0.63,-1.42,97,Club,Mixed,2019,1,9861
9/7/20,75,Ant Madness,-0.75,9.8,21,14,0.6,-1.24,80,Club,Mixed,2019,1,9862
9/7/20,76,Bexar,-0.76,9.8,20,10,0.67,-1.75,129,Club,Mixed,2019,1,9863
9/7/20,77,Old #7,-0.76,9.8,5,1,0.83,-2.34,197,Club,Mixed,2019,1,9864
9/7/20,78,Eat Lightning,-0.77,9.7,19,14,0.58,-1.11,76,Club,Mixed,2019,1,9865
9/7/20,79,American Barbecue,-0.79,9.5,17,17,0.5,-0.79,58,Club,Mixed,2019,1,9866
9/7/20,80,Memphis STAX,-0.82,9.2,18,11,0.62,-1.52,107,Club,Mixed,2019,1,9867
9/7/20,81,Pandamonium,-0.86,8.9,20,11,0.65,-1.68,119,Club,Mixed,2019,1,9868
9/7/20,82,The Bandits,-0.86,8.9,17,10,0.63,-1.42,98,Club,Mixed,2019,1,9869
9/7/20,83,7 Sins,-0.87,8.8,16,8,0.67,-1.7,120,Club,Mixed,2019,1,9870
9/7/20,84,Shakedown,-0.91,8.5,18,14,0.56,-1.08,75,Club,Mixed,2019,1,9871
9/7/20,85,Happy Valley,-0.91,8.5,14,8,0.64,-1.52,105,Club,Mixed,2019,1,9872
9/7/20,86,PanIC,-0.92,8.4,13,13,0.5,-1,70,Club,Mixed,2019,1,9873
9/7/20,87,Sunken Circus,-0.95,8.2,19,7,0.73,-2.16,176,Club,Mixed,2019,1,9874
9/7/20,88,Fleet,-0.98,8,15,11,0.58,-1.28,85,Club,Mixed,2019,1,9875
9/7/20,89,Mutiny,-1,7.9,20,12,0.62,-1.64,118,Club,Mixed,2019,1,9876
9/7/20,90,Happy Hour,-1,7.8,11,5,0.69,-1.94,154,Club,Mixed,2019,1,9877
9/7/20,91,Rat City,-1,7.8,25,16,0.61,-1.62,116,Club,Mixed,2019,1,9878
9/7/20,92,Instant Karma,-1.03,7.6,15,15,0.5,-1,71,Club,Mixed,2019,1,9879
9/7/20,93,blOKC party,-1.07,7.4,19,11,0.63,-1.72,123,Club,Mixed,2019,1,9880
9/7/20,94,Tyrannis,-1.08,7.3,20,8,0.71,-2.18,179,Club,Mixed,2019,1,9881
9/7/20,95,Soft Boiled,-1.08,7.2,19,12,0.61,-1.58,112,Club,Mixed,2019,1,9882
9/7/20,96,Ouzel,-1.12,7,15,10,0.6,-1.63,117,Club,Mixed,2019,1,9883
9/7/20,97,Birds,-1.12,7,20,11,0.65,-1.88,142,Club,Mixed,2019,1,9884
9/7/20,98,HVAC,-1.14,6.9,20,13,0.61,-1.72,124,Club,Mixed,2019,1,9885
9/7/20,99,Firefly,-1.15,6.8,18,16,0.53,-1.29,86,Club,Mixed,2019,1,9886
9/7/20,100,Fireball,-1.22,6.4,8,6,0.57,-1.51,104,Club,Mixed,2019,1,9887
9/7/20,101,Blowing Heat 3.0,-1.23,6.3,5,6,0.45,-0.7,53,Club,Mixed,2019,1,9888
9/7/20,102,Vendetta,-1.24,6.3,6,2,0.75,-2.42,209,Club,Mixed,2019,1,9889
9/7/20,103,Buckwild,-1.29,6,12,9,0.57,-1.77,131,Club,Mixed,2019,1,9890
9/7/20,104,sKNO cone,-1.3,5.9,12,14,0.46,-0.85,61,Club,Mixed,2019,1,9891
9/7/20,105,California Burrito,-1.32,5.8,14,13,0.52,-1.35,91,Club,Mixed,2019,1,9892
9/7/20,106,Peep Show,-1.32,5.8,11,8,0.58,-1.58,111,Club,Mixed,2019,1,9893
9/7/20,107,Moontower,-1.35,5.6,22,12,0.65,-2.29,194,Club,Mixed,2019,1,9894
9/7/20,108,Stoke,-1.36,5.6,16,16,0.5,-1.32,88,Club,Mixed,2019,1,9895
9/7/20,109,Risky Business,-1.38,5.5,14,14,0.5,-1.33,89,Club,Mixed,2019,1,9896
9/7/20,110,Nothing's Great Again aka Babymaker,-1.39,5.4,10,14,0.42,-0.79,60,Club,Mixed,2019,1,9897
9/7/20,111,Voltaje U.C,-1.42,5.3,2,4,0.33,0.53,21,Club,Mixed,2019,1,9898
9/7/20,112,Argo,-1.43,5.3,15,12,0.56,-1.77,132,Club,Mixed,2019,1,9899
9/7/20,113,Funk,-1.43,5.3,15,10,0.6,-1.92,146,Club,Mixed,2019,1,9900
9/7/20,114,Alchemy,-1.44,5.2,17,16,0.52,-1.51,103,Club,Mixed,2019,1,9901
9/7/20,115,Liquid Hustle,-1.46,5.1,18,15,0.55,-1.57,110,Club,Mixed,2019,1,9902
9/7/20,116,Bird,-1.46,5.1,16,16,0.5,-1.42,96,Club,Mixed,2019,1,9903
9/7/20,117,Default,-1.52,4.8,6,3,0.67,-2.19,180,Club,Mixed,2019,1,9904
9/7/20,118,Garbage,-1.53,4.8,14,14,0.5,-1.41,95,Club,Mixed,2019,1,9905
9/7/20,119,Seoulmates,-1.54,4.7,19,9,0.68,-2.46,219,Club,Mixed,2019,1,9906
9/7/20,120,Stripes,-1.57,4.6,8,12,0.4,-0.94,66,Club,Mixed,2019,1,9907
9/7/20,121,Springs Mixed Ulty Team SMUT,-1.57,4.6,4,3,0.57,-1.82,136,Club,Mixed,2019,1,9908
9/7/20,122,Night Shift,-1.61,4.4,16,11,0.59,-2.08,167,Club,Mixed,2019,1,9909
9/7/20,123,m'kay Ultimate,-1.62,4.4,11,9,0.55,-1.71,121,Club,Mixed,2019,1,9910
9/7/20,124,Robot,-1.62,4.4,12,10,0.55,-1.87,141,Club,Mixed,2019,1,9911
9/7/20,125,EMU,-1.64,4.3,20,12,0.62,-2.28,193,Club,Mixed,2019,1,9912
9/7/20,126,Pegasus,-1.65,4.2,12,18,0.4,-0.96,68,Club,Mixed,2019,1,9913
9/7/20,127,Legion,-1.65,4.2,15,12,0.56,-1.96,155,Club,Mixed,2019,1,9914
9/7/20,128,Family Style,-1.68,4.1,9,11,0.45,-1.45,100,Club,Mixed,2019,1,9915
9/7/20,129,Surge,-1.76,3.8,7,8,0.47,-1.33,90,Club,Mixed,2019,1,9916
9/7/20,130,Platypi,-1.78,3.7,12,15,0.44,-1.54,109,Club,Mixed,2019,1,9917
9/7/20,131,Los  Heros,-1.78,3.7,15,12,0.56,-2,157,Club,Mixed,2019,1,9918
9/7/20,132,Mad Udderburn,-1.8,3.7,15,12,0.56,-1.99,156,Club,Mixed,2019,1,9919
9/7/20,133,Jackpot,-1.81,3.6,16,14,0.53,-1.92,148,Club,Mixed,2019,1,9920
9/7/20,134,Point of No Return,-1.84,3.5,11,9,0.55,-2.2,181,Club,Mixed,2019,1,9921
9/7/20,135,Crucible,-1.86,3.5,16,10,0.62,-2.44,211,Club,Mixed,2019,1,9922
9/7/20,136,Melt,-1.89,3.4,14,10,0.58,-2.23,186,Club,Mixed,2019,1,9923
9/7/20,137,Sad Mountain,-1.95,3.2,4,2,0.67,-3.03,291,Club,Mixed,2019,1,9924
9/7/20,138,NC Galaxy,-1.97,3.1,12,12,0.5,-1.72,125,Club,Mixed,2019,1,9925
9/7/20,139,Farm Show,-1.98,3.1,7,13,0.35,-1.15,78,Club,Mixed,2019,1,9926
9/7/20,140,Mixed Signals,-1.99,3.1,10,16,0.38,-1.28,83,Club,Mixed,2019,1,9927
9/7/20,141,Too Much Fun,-1.99,3.1,4,3,0.57,-2.41,208,Club,Mixed,2019,1,9928
9/7/20,142,Goose Lee,-2.01,3,10,16,0.38,-1.3,87,Club,Mixed,2019,1,9929
9/7/20,143,Bulleit Train,-2.02,3,13,15,0.46,-1.79,133,Club,Mixed,2019,1,9930
9/7/20,144,PS,-2.03,2.9,3,4,0.43,-1.72,122,Club,Mixed,2019,1,9931
9/7/20,145,Philly Twist,-2.04,2.9,12,13,0.48,-1.93,151,Club,Mixed,2019,1,9932
9/7/20,146,Moonshine,-2.04,2.9,18,18,0.5,-2.02,160,Club,Mixed,2019,1,9933
9/7/20,147,Buffalo Lake Effect,-2.08,2.8,14,19,0.42,-1.49,102,Club,Mixed,2019,1,9934
9/7/20,148,Superstition,-2.1,2.8,12,13,0.48,-2,158,Club,Mixed,2019,1,9935
9/7/20,149,Tequila Mockingbird,-2.1,2.7,9,17,0.35,-1.27,82,Club,Mixed,2019,1,9936
9/7/20,150,Absolute Zero,-2.12,2.7,12,17,0.41,-1.74,128,Club,Mixed,2019,1,9937
9/7/20,151,Mashed,-2.13,2.7,11,9,0.55,-2.49,224,Club,Mixed,2019,1,9938
9/7/20,152,Hive,-2.13,2.7,11,11,0.5,-2.09,170,Club,Mixed,2019,1,9939
9/7/20,153,Rocket LawnChair,-2.17,2.6,17,10,0.63,-2.86,277,Club,Mixed,2019,1,9940
9/7/20,154,Scarecrow,-2.17,2.6,13,19,0.41,-1.59,113,Club,Mixed,2019,1,9941
9/7/20,155,Be Reasonable,-2.18,2.5,4,2,0.67,-3.29,303,Club,Mixed,2019,1,9942
9/7/20,156,OutKast,-2.22,2.4,14,13,0.52,-2.24,187,Club,Mixed,2019,1,9943
9/7/20,157,Battleship,-2.24,2.4,1,6,0.14,0.02,30,Club,Mixed,2019,1,9944
9/7/20,158,CRAZY,-2.24,2.4,1,5,0.17,0.7,17,Club,Mixed,2019,1,9945
9/7/20,159,BATL Cows,-2.27,2.3,11,15,0.42,-1.82,138,Club,Mixed,2019,1,9946
9/7/20,160,Prion,-2.27,2.3,12,13,0.48,-2.2,182,Club,Mixed,2019,1,9947
9/7/20,161,Choco Ghost House,-2.29,2.3,11,13,0.46,-2.11,173,Club,Mixed,2019,1,9948
9/7/20,162,Impact,-2.32,2.2,10,18,0.36,-1.38,92,Club,Mixed,2019,1,9949
9/7/20,163,Alt Stacks,-2.33,2.2,8,9,0.47,-2.21,185,Club,Mixed,2019,1,9950
9/7/20,164,DTH,-2.35,2.2,2,3,0.4,-1.89,143,Club,Mixed,2019,1,9951
9/7/20,165,Rowdy,-2.36,2.1,8,19,0.3,-1.07,74,Club,Mixed,2019,1,9952
9/7/20,166,Zen,-2.37,2.1,3,3,0.5,-2.46,216,Club,Mixed,2019,1,9953
9/7/20,167,Sweet Action,-2.39,2.1,13,19,0.41,-1.9,144,Club,Mixed,2019,1,9954
9/7/20,168,Tex Mix,-2.4,2.1,12,16,0.43,-2.09,171,Club,Mixed,2019,1,9955
9/7/20,169,Thunderpants the Magic Dragon,-2.4,2.1,10,12,0.45,-2.08,168,Club,Mixed,2019,1,9956
9/7/20,170,Wasatch Sasquatch,-2.42,2,3,9,0.25,-0.97,69,Club,Mixed,2019,1,9957
9/7/20,171,Mousetrap,-2.45,2,16,17,0.48,-2.41,207,Club,Mixed,2019,1,9958
9/7/20,172,ELevate,-2.45,2,12,14,0.46,-2.29,196,Club,Mixed,2019,1,9959
9/7/20,173,Possum,-2.46,1.9,14,13,0.52,-2.51,226,Club,Mixed,2019,1,9960
9/7/20,174,The Los Gatos Gatos,-2.47,1.9,6,5,0.55,-2.76,258,Club,Mixed,2019,1,9961
9/7/20,175,WHUF*,-2.47,1.9,3,3,0.5,-2.58,233,Club,Mixed,2019,1,9962
9/7/20,176,Fishpix!,-2.48,1.9,2,4,0.33,-1.2,79,Club,Mixed,2019,1,9963
9/7/20,177,Springs Mixed Ulty Team,-2.53,1.8,7,10,0.41,-2.06,165,Club,Mixed,2019,1,9964
9/7/20,178,Unlimited Swipes,-2.53,1.8,14,16,0.47,-2.45,214,Club,Mixed,2019,1,9965
9/7/20,179,Townies,-2.57,1.7,3,4,0.43,-2.38,204,Club,Mixed,2019,1,9966
9/7/20,180,Pi+,-2.6,1.7,7,7,0.5,-2.61,237,Club,Mixed,2019,1,9967
9/7/20,181,Mastodon,-2.61,1.7,13,12,0.52,-2.79,263,Club,Mixed,2019,1,9968
9/7/20,182,Wildstyle,-2.62,1.7,11,12,0.48,-2.46,217,Club,Mixed,2019,1,9969
9/7/20,183,Magic City Mayhem,-2.64,1.6,11,17,0.39,-2.08,166,Club,Mixed,2019,1,9970
9/7/20,184,Varsity,-2.64,1.6,9,11,0.45,-2.49,225,Club,Mixed,2019,1,9971
9/7/20,185,APEX,-2.64,1.6,11,19,0.37,-1.91,145,Club,Mixed,2019,1,9972
9/7/20,186,Piedmont United,-2.65,1.6,8,13,0.38,-2.03,161,Club,Mixed,2019,1,9973
9/7/20,187,Pixel,-2.67,1.6,9,11,0.45,-2.46,218,Club,Mixed,2019,1,9974
9/7/20,188,Left Turn Lane,-2.69,1.5,2,5,0.29,-1.61,115,Club,Mixed,2019,1,9975
9/7/20,189,Petey's Scallywags,-2.71,1.5,12,17,0.41,-2.16,177,Club,Mixed,2019,1,9976
9/7/20,190,Breakers Mark,-2.72,1.5,8,9,0.47,-2.63,239,Club,Mixed,2019,1,9977
9/7/20,191,Fable,-2.73,1.5,5,8,0.38,-2.1,172,Club,Mixed,2019,1,9978
9/7/20,192,FIRE ULTIMATE CLUB MIAMI,-2.76,1.4,6,7,0.46,-2.51,228,Club,Mixed,2019,1,9979
9/7/20,193,VU,-2.76,1.4,16,17,0.48,-2.65,242,Club,Mixed,2019,1,9980
9/7/20,194,LORD,-2.76,1.4,11,13,0.46,-2.63,240,Club,Mixed,2019,1,9981
9/7/20,195,Hairy Otter,-2.78,1.4,8,10,0.44,-2.54,229,Club,Mixed,2019,1,9982
9/7/20,196,Tlacuaches,-2.8,1.4,2,3,0.4,-2.75,256,Club,Mixed,2019,1,9983
9/7/20,197,Mud Turtles,-2.85,1.3,9,12,0.43,-2.43,210,Club,Mixed,2019,1,9984
9/7/20,198,Memphis Hustle & Flow,-2.86,1.3,6,14,0.3,-1.82,139,Club,Mixed,2019,1,9985
9/7/20,199,Face Off,-2.87,1.3,11,15,0.42,-2.45,215,Club,Mixed,2019,1,9986
9/7/20,200,Chili Poppers,-2.87,1.3,8,15,0.35,-2.02,159,Club,Mixed,2019,1,9987
9/7/20,201,T.T,-2.87,1.3,2,4,0.33,-2.21,183,Club,Mixed,2019,1,9988
9/7/20,202,Igneous Ultimate,-2.9,1.3,8,16,0.33,-1.93,150,Club,Mixed,2019,1,9989
9/7/20,203,Discney,-2.94,1.2,4,7,0.36,-2.15,175,Club,Mixed,2019,1,9990
9/7/20,204,Jabba,-2.95,1.2,7,13,0.35,-2.28,192,Club,Mixed,2019,1,9991
9/7/20,205,Rainbow,-2.96,1.2,9,16,0.36,-2.27,190,Club,Mixed,2019,1,9992
9/7/20,206,Sorted Beans,-2.97,1.2,8,17,0.32,-1.93,149,Club,Mixed,2019,1,9993
9/7/20,207,Spoiler Alert,-2.97,1.2,10,11,0.48,-2.9,279,Club,Mixed,2019,1,9994
9/7/20,208,HAOS,-2.98,1.2,11,13,0.46,-2.73,254,Club,Mixed,2019,1,9995
9/7/20,209,Nautilus,-2.98,1.2,12,14,0.46,-2.81,267,Club,Mixed,2019,1,9996
9/7/20,210,Pushovers,-2.98,1.2,8,10,0.44,-2.82,270,Club,Mixed,2019,1,9997
9/7/20,211,Heavy Flow,-3.01,1.1,7,20,0.26,-1.75,130,Club,Mixed,2019,1,9998
9/7/20,212,Boomtown Pandas,-3.02,1.1,11,12,0.48,-3.03,290,Club,Mixed,2019,1,9999
9/7/20,213,TBD,-3.06,1.1,9,16,0.36,-2.44,213,Club,Mixed,2019,1,10000
9/7/20,214,Great Minnesota Get Together,-3.08,1.1,7,10,0.41,-2.71,248,Club,Mixed,2019,1,10001
9/7/20,215,Hellbenders,-3.09,1,5,13,0.28,-1.85,140,Club,Mixed,2019,1,10002
9/7/20,216,Stackcats,-3.11,1,11,16,0.41,-2.66,244,Club,Mixed,2019,1,10003
9/7/20,217,Side Hustle,-3.11,1,3,6,0.33,-2.48,221,Club,Mixed,2019,1,10004
9/7/20,218,Chaos,-3.13,1,0,6,0,0.74,16,Club,Mixed,2019,1,10005
9/7/20,219,MN Superior,-3.22,0.9,2,3,0.4,-3.2,299,Club,Mixed,2019,1,10006
9/7/20,220,x C,-3.22,0.9,1,6,0.14,-1.72,127,Club,Mixed,2019,1,10007
9/7/20,221,Seven Hills,-3.25,0.9,2,5,0.29,-2.44,212,Club,Mixed,2019,1,10008
9/7/20,222,Long Beach Legacy,-3.27,0.9,6,12,0.33,-2.51,227,Club,Mixed,2019,1,10009
9/7/20,223,Madison United Mixed Ultimate,-3.29,0.9,4,7,0.36,-2.79,264,Club,Mixed,2019,1,10010
9/7/20,224,Trenton Takers,-3.3,0.8,1,4,0.2,-2.36,200,Club,Mixed,2019,1,10011
9/7/20,225,Skyhawks,-3.3,0.8,4,8,0.33,-2.56,230,Club,Mixed,2019,1,10012
9/7/20,226,The Umbrella,-3.31,0.8,5,15,0.25,-1.81,135,Club,Mixed,2019,1,10013
9/7/20,227,Espionage,-3.31,0.8,9,16,0.36,-2.65,241,Club,Mixed,2019,1,10014
9/7/20,228,District Cocktails,-3.31,0.8,9,16,0.36,-2.65,243,Club,Mixed,2019,1,10015
9/7/20,229,Dinosaur Fancy,-3.34,0.8,4,7,0.36,-2.73,252,Club,Mixed,2019,1,10016
9/7/20,230,LudICRous,-3.36,0.8,1,5,0.17,-1.72,126,Club,Mixed,2019,1,10017
9/7/20,231,Enough Monkeys,-3.38,0.8,2,7,0.22,-2.27,191,Club,Mixed,2019,1,10018
9/7/20,232,Monster,-3.39,0.8,10,16,0.38,-2.84,273,Club,Mixed,2019,1,10019
9/7/20,233,DR,-3.41,0.8,8,9,0.47,-3.25,302,Club,Mixed,2019,1,10020
9/7/20,234,Buffalo Brain Freeze,-3.41,0.8,7,12,0.37,-2.84,272,Club,Mixed,2019,1,10021
9/7/20,235,Midwestern Mediocrity,-3.44,0.7,7,13,0.35,-2.82,268,Club,Mixed,2019,1,10022
9/7/20,236,Birds of Paradise,-3.49,0.7,7,11,0.39,-2.91,280,Club,Mixed,2019,1,10023
9/7/20,237,Mississippi Blues,-3.54,0.7,9,18,0.33,-2.6,235,Club,Mixed,2019,1,10024
9/7/20,238,The Strangers,-3.58,0.6,5,13,0.28,-2.36,199,Club,Mixed,2019,1,10025
9/7/20,239,Boomshakalaka,-3.61,0.6,2,4,0.33,-3.1,295,Club,Mixed,2019,1,10026
9/7/20,240,Carolina Reaper,-3.62,0.6,2,7,0.22,-2.05,163,Club,Mixed,2019,1,10027
9/7/20,241,Derby City Thunder,-3.73,0.6,7,18,0.28,-2.56,232,Club,Mixed,2019,1,10028
9/7/20,242,Bozos,-3.76,0.5,0,6,0,-0.77,57,Club,Mixed,2019,1,10029
9/7/20,243,Big Bend,-3.76,0.5,6,14,0.3,-2.62,238,Club,Mixed,2019,1,10030
9/7/20,244,Megalodon,-3.78,0.5,6,14,0.3,-2.76,259,Club,Mixed,2019,1,10031
9/7/20,245,rubber duck ultimate.,-3.8,0.5,5,14,0.26,-2.37,203,Club,Mixed,2019,1,10032
9/7/20,246,Midnight Whiskey,-3.81,0.5,2,5,0.29,-2.96,285,Club,Mixed,2019,1,10033
9/7/20,247,Stormborn,-3.82,0.5,8,17,0.32,-2.84,274,Club,Mixed,2019,1,10034
9/7/20,248,Duloofda,-3.83,0.5,5,13,0.28,-2.81,265,Club,Mixed,2019,1,10035
9/7/20,249,"All Jeeps, All Night.",-3.86,0.5,1,7,0.12,-2.09,169,Club,Mixed,2019,1,10036
9/7/20,250,Bold City,-3.87,0.5,7,12,0.37,-3.18,297,Club,Mixed,2019,1,10037
9/7/20,251,Eugene Skyfall,-3.9,0.5,1,6,0.14,-2.29,195,Club,Mixed,2019,1,10038
9/7/20,252,Balloon,-3.95,0.4,5,16,0.24,-2.48,222,Club,Mixed,2019,1,10039
9/7/20,253,Pandatime,-3.96,0.4,4,16,0.2,-2.49,223,Club,Mixed,2019,1,10040
9/7/20,254,Skyscrapers,-3.96,0.4,1,5,0.17,-2.76,257,Club,Mixed,2019,1,10041
9/7/20,255,Tropics Ultimate,-4.01,0.4,3,9,0.25,-3.02,288,Club,Mixed,2019,1,10042
9/7/20,256,Albany Airbenders,-4.06,0.4,8,24,0.25,-2.81,266,Club,Mixed,2019,1,10043
9/7/20,257,I-79,-4.06,0.4,5,15,0.25,-2.69,246,Club,Mixed,2019,1,10044
9/7/20,258,Mufanauts,-4.07,0.4,1,5,0.17,-2.84,276,Club,Mixed,2019,1,10045
9/7/20,259,Rogue,-4.07,0.4,3,15,0.17,-2.21,184,Club,Mixed,2019,1,10046
9/7/20,260,Dead Reckoning,-4.07,0.4,2,7,0.22,-2.82,269,Club,Mixed,2019,1,10047
9/7/20,261,Equinox,-4.12,0.4,3,9,0.25,-3.02,287,Club,Mixed,2019,1,10048
9/7/20,262,Feral Cows,-4.15,0.4,6,18,0.25,-2.71,249,Club,Mixed,2019,1,10049
9/7/20,263,Mishigami,-4.17,0.4,4,15,0.21,-2.72,251,Club,Mixed,2019,1,10050
9/7/20,264,Robotic Snakes,-4.19,0.3,2,14,0.12,-2.12,174,Club,Mixed,2019,1,10051
9/7/20,265,Cool Whip,-4.19,0.3,0,4,0,-2.75,255,Club,Mixed,2019,1,10052
9/7/20,266,Mixchief,-4.21,0.3,5,15,0.25,-2.92,283,Club,Mixed,2019,1,10053
9/7/20,267,Mola Mola,-4.25,0.3,1,10,0.09,-2.16,178,Club,Mixed,2019,1,10054
9/7/20,268,Second Wind,-4.25,0.3,5,19,0.21,-2.68,245,Club,Mixed,2019,1,10055
9/7/20,269,Happy Cows,-4.31,0.3,1,5,0.17,-3.43,305,Club,Mixed,2019,1,10056
9/7/20,270,Nottoway Flatball Club,-4.33,0.3,1,5,0.17,-3.04,292,Club,Mixed,2019,1,10057
9/7/20,271,RnB,-4.34,0.3,3,15,0.17,-2.26,189,Club,Mixed,2019,1,10058
9/7/20,272,Sabers,-4.34,0.3,1,6,0.14,-3.12,296,Club,Mixed,2019,1,10059
9/7/20,273,EDM,-4.38,0.3,2,15,0.12,-2.37,202,Club,Mixed,2019,1,10060
9/7/20,274,SlipStream,-4.44,0.3,4,16,0.2,-2.98,286,Club,Mixed,2019,1,10061
9/7/20,275,Friendzone,-4.44,0.3,2,11,0.15,-2.58,234,Club,Mixed,2019,1,10062
9/7/20,276,Cleveland Rocks,-4.45,0.3,0,5,0,-2.06,164,Club,Mixed,2019,1,10063
9/7/20,277,Drunk in Space,-4.46,0.3,0,5,0,-1.82,137,Club,Mixed,2019,1,10064
9/7/20,278,Identity Theft,-4.47,0.3,4,13,0.24,-3.22,300,Club,Mixed,2019,1,10065
9/7/20,279,Fear and Loathing,-4.49,0.3,3,21,0.12,-2.26,188,Club,Mixed,2019,1,10066
9/7/20,280,Baywatch,-4.51,0.3,4,15,0.21,-2.88,278,Club,Mixed,2019,1,10067
9/7/20,281,Ope!,-4.55,0.2,1,4,0.2,-3.94,306,Club,Mixed,2019,1,10068
9/7/20,282,Natural Twenties,-4.56,0.2,3,13,0.19,-2.83,271,Club,Mixed,2019,1,10069
9/7/20,283,Party Cats,-4.62,0.2,4,18,0.18,-2.92,281,Club,Mixed,2019,1,10070
9/7/20,284,Mixed on the Rock,-4.68,0.2,2,11,0.15,-2.39,206,Club,Mixed,2019,1,10071
9/7/20,285,The Leftovers,-4.68,0.2,0,6,0,-2.72,250,Club,Mixed,2019,1,10072
9/7/20,286,Baltimore BENCH,-4.78,0.2,4,21,0.16,-2.73,253,Club,Mixed,2019,1,10073
9/7/20,287,Hot Tamales,-4.78,0.2,0,5,0,-2.38,205,Club,Mixed,2019,1,10074
9/7/20,288,Rampage,-4.88,0.2,2,18,0.1,-2.35,198,Club,Mixed,2019,1,10075
9/7/20,289,Orbit,-4.92,0.2,2,17,0.11,-2.56,231,Club,Mixed,2019,1,10076
9/7/20,290,WhirlyNegs,-4.94,0.2,0,6,0,-2.61,236,Club,Mixed,2019,1,10077
9/7/20,291,Indiana Pterodactyl Attack IPA,-4.97,0.2,1,12,0.08,-2.84,275,Club,Mixed,2019,1,10078
9/7/20,292,Sebastopol Orchard,-4.99,0.2,0,6,0,-2.47,220,Club,Mixed,2019,1,10079
9/7/20,293,ThunderCats,-5.04,0.1,1,13,0.07,-2.37,201,Club,Mixed,2019,1,10080
9/7/20,294,Rising Tide U20X,-5.08,0.1,0,7,0,-2.79,262,Club,Mixed,2019,1,10081
9/7/20,295,MUTT,-5.14,0.1,0,5,0,-3.06,293,Club,Mixed,2019,1,10082
9/7/20,296,Craw Daddies,-5.14,0.1,1,9,0.1,-3.03,289,Club,Mixed,2019,1,10083
9/7/20,297,Taco Cat,-5.15,0.1,2,15,0.12,-3.09,294,Club,Mixed,2019,1,10084
9/7/20,298,Swing Vote,-5.25,0.1,0,6,0,-3.19,298,Club,Mixed,2019,1,10085
9/7/20,299,Alpha,-5.29,0.1,1,13,0.07,-2.78,260,Club,Mixed,2019,1,10086
9/7/20,300,Turnstyle,-5.29,0.1,1,12,0.08,-2.95,284,Club,Mixed,2019,1,10087
9/7/20,301,Mixfits,-5.36,0.1,2,14,0.12,-3.23,301,Club,Mixed,2019,1,10088
9/7/20,302,Delta Breeze,-5.38,0.1,0,12,0,-1.92,147,Club,Mixed,2019,1,10089
9/7/20,303,SkyLab,-5.52,0.1,1,16,0.06,-2.92,282,Club,Mixed,2019,1,10090
9/7/20,304,Pink pear 2019,-5.71,0.1,0,10,0,-2.78,261,Club,Mixed,2019,1,10091
9/7/20,305,NWA White Tails,-5.85,0.1,0,6,0,-3.4,304,Club,Mixed,2019,1,10092
9/7/20,306,Fox Valley Forge,-6.14,0,0,16,0,-2.7,247,Club,Mixed,2019,1,10093