team,team_name,division,gender,competition,region,conference,id
Massachusetts,Zoodisc,College,Men,Division I,New England,Greater New England DI,664
Utah,Zion Curtain,College,Men,Division I,Northwest,Big Sky DI,665
Texas-Arlington,Yucca,College,Men,Division I,South Central,North Texas DI,666
Alabama B,Yellow Hammer,College,Men,Developmental,Southeast,Southeast Dev,667
Alabama,Yellow Hammer,College,Men,Division I,Southeast,Gulf Coast DI,668
Virginia Commonwealth University B,Yeastie Boyz,College,Men,Developmental,Atlantic Coast,Virginia Dev,669
Iowa State B,Yeastie Boys,College,Men,Developmental,North Central,North Central Dev,670
Western Washington B,WWU MUD,College,Men,Developmental,Northwest,Cascadia DI,671
West Virginia,WV Wild,College,Men,Division I,Ohio Valley,West Penn DI,672
Williams,WUFO,College,Men,Division III,New England,South New England DIII,673
Texas-Dallas,Woof,College,Men,Division I,South Central,North Texas DI,674
MIT B,Woodmunchers,College,Men,Developmental,New England,Metro Boston Dev,675
Kansas State,Wizards,College,Men,Division I,South Central,Ozarks DI,676
Central Washington,Wind Machin,College,Men,Division I,Northwest,Cascadia DI,677
Whitman,Whitman Sweets,College,Men,Division I,Northwest,Northwest DIII,678
West Chester,West Chester A,College,Men,Division I,Ohio Valley,East Penn DI,679
Wake Forest,"Well Oiled Machine, Baby",College,Men,Division I,Atlantic Coast,Carolina DI,680
Washington C,Washington C,College,Men,Developmental,Northwest,Cascadia DI,681
Washington B,Washington B,College,Men,Division I,Northwest,Cascadia DI,682
Colorado College,Wasabi,College,Men,Division III,South Central,Rocky Mountain DIII,683
Pennsylvania,Void,College,Men,Division I,Ohio Valley,East Penn DI,684
Portland State,Vitruvious,College,Men,Division I,Northwest,Cascadia DI,685
Virginia B,Virginia-B,College,Men,Developmental,Atlantic Coast,Southern Atlantic Coast Dev,686
Victoria,Vikes,College,Men,Division I,Northwest,Cascadia DI,687
Texas-San Antonio,Velox,College,Men,Division I,South Central,South Texas DI,688
Utah Valley University,Utah Valley Ultimate,College,Men,Division I,Northwest,Big Sky DI,689
Utah State,USULT,College,Men,Division I,Northwest,Big Sky DI,690
Southern California,USC Lockdown,College,Men,Division I,Southwest,SoCal DI,691
Southern California B,USC Blockdown,College,Men,Developmental,Southwest,Southwest Dev,692
Columbia,Uptown Local,College,Men,Division I,Metro East,Metro NY DI,693
Portland,Uprise,College,Men,Division III,Northwest,Northwest DIII,694
North Texas,UNT,College,Men,Division I,South Central,North Texas DI,695
Nebraska-Omaha,UNO,College,Men,Division I,North Central,West Plains DI,696
Pittsburgh B,University of Pittsburgh- B,College,Men,Developmental,Ohio Valley,Ohio Valley Dev,697
Union (Tennessee),Union Jaxx,College,Men,Division III,Southeast,Western Southeast DIII,698
Purdue,Undue Ultimate,College,Men,Division I,Great Lakes,East Plains DI,699
Georgia State,Underground,College,Men,Division I,Southeast,Southern Appalachian DI,700
North Carolina-Asheville,UNC Asheville Bulldogs,College,Men,Division III,Atlantic Coast,Carolina DIII,701
Miami,UMiami Vice,College,Men,Division I,Southeast,Florida DI,702
Oklahoma State,Ultimato,College,Men,Division I,South Central,Ozarks DI,703
Wisconsin-Oshkosh,UFO,College,Men,Division I,North Central,Lake Superior DI,704
Connecticut,UConn Huskies,College,Men,Division I,Metro East,Hudson Valley DI,705
UCLA B,UCLA Smoke,College,Men,Developmental,Southwest,Southwest Dev,706
Trinity,Turbulence,College,Men,Division III,South Central,Texas DIII,707
Texas Tech,Tumbleweed,College,Men,Division I,South Central,North Texas DI,708
Tulane B,Tulane B,College,Men,Developmental,Southeast,Southeast Dev,709
Tufts B,Tufts B,College,Men,Developmental,New England,Metro Boston Dev,710
Texas,TUFF,College,Men,Division I,South Central,South Texas DI,711
Tulane,Tucks,College,Men,Division I,Southeast,Gulf Coast DI,712
Troy,Troy Red Wave,College,Men,Division I,Southeast,Gulf Coast DI,713
Ohio,Trout,College,Men,Division I,Ohio Valley,Ohio DI,714
Brandeis,TRON,College,Men,Division III,New England,Metro Boston DIII,715
Georgia Tech B,Tribe,College,Men,Developmental,Southeast,Southeast Dev,716
Georgia Tech,Tribe,College,Men,Division I,Southeast,Southern Appalachian DI,717
British Columbia,Thunderbirds,College,Men,Division I,Northwest,Cascadia DI,718
Seattle,Throbot,College,Men,Division III,Northwest,Northwest DIII,719
Trevecca,Thrashers,College,Men,Division III,Southeast,Western Southeast DIII,720
Cal State-Fullerton,The Commute,College,Men,Division I,Southwest,SoCal DI,721
Texas State B,Texas State,College,Men,Division I,South Central,South Texas DI,722
SUNY-Fredonia,Terrifying Turtles,College,Men,Division III,Metro East,Western NY DIII,723
Tennessee,Tennessee,College,Men,Division I,Southeast,Southern Appalachian DI,724
Maryland-Baltimore County B,Tembo,College,Men,Developmental,Atlantic Coast,Colonial Dev,725
SUNY-Cortland,Team Rocket,College,Men,Division III,Metro East,Western NY DIII,726
Arizona B,Swashbucklers,College,Men,Developmental,Southwest,Southwest Dev,727
Cedarville,Swarm,College,Men,Division III,Ohio Valley,Ohio DIII,728
Tennessee-Chattanooga,Swamp Donkeys,College,Men,Division I,Southeast,Southern Appalachian DI,729
SUNY-Binghamton B,SUNY-Binghamton B,College,Men,Developmental,Metro East,Metro East Dev,730
SUNY-Binghamton,SUNY-Binghamton,College,Men,Division I,Metro East,Western NY DI,731
Washington,Sundodgers,College,Men,Division I,Northwest,Cascadia DI,732
Arizona,Sunburn,College,Men,Division I,Southwest,Desert DI,733
North Georgia,Summit,College,Men,Division III,Southeast,Eastern Southeast DIII,734
Sul Ross State University,Sul Ross Ultimate,College,Men,Division III,South Central,Texas DIII,735
Wisconsin-Whitewater,Sub*Par,College,Men,Division I,North Central,Lake Superior DI,736
Baylor,Stonewall A,College,Men,Division I,South Central,North Texas DI,737
Stevens Tech,Stevens Tech,College,Men,Division III,Metro East,Metro NY DIII,738
Stetson,Stetson Ultimate,College,Men,Division III,Southeast,Eastern Southeast DIII,739
Stanford,Stanford Bloodthirsty,College,Men,Division I,Southwest,NorCal DI,740
American,Stall 11,College,Men,Division I,Atlantic Coast,Colonial DI,741
Slippery Rock,SRU Lion Pride,College,Men,Division I,Ohio Valley,West Penn DI,742
Richmond,Spidermonkeys,College,Men,Division III,Atlantic Coast,Northern Atlantic Coast DIII,743
Penn State,Spank,College,Men,Division I,Ohio Valley,West Penn DI,744
South Carolina B,South Carolina,College,Men,Developmental,Atlantic Coast,Southern Atlantic Coast Dev,745
University of Denver B,Sourdough,College,Men,Division I,South Central,Rocky Mountain DI,746
Denver,Sourdough,College,Men,Division I,South Central,Rocky Mountain DI,747
Shenandoah,Sound Ultimate,College,Men,Division III,Atlantic Coast,Northern Atlantic Coast DIII,748
St Mary's (Maryland),SMUT,College,Men,Division III,Atlantic Coast,Northern Atlantic Coast DIII,749
Montana,Smokejump,College,Men,Division I,Northwest,Big Sky DI,750
UCLA,Smaug,College,Men,Division I,Southwest,SoCal DI,751
California-Santa Cruz,Slugs,College,Men,Division I,Southwest,NorCal DI,752
Cal Poly-SLO,SLOCORE,College,Men,Division I,Southwest,SoCal DI,753
Cal Poly-SLO B,SLOB,College,Men,Developmental,Southwest,Southwest Dev,754
Christopher Newport,Skymaul,College,Men,Division III,Atlantic Coast,Northern Atlantic Coast DIII,755
North Carolina State B,Six Pack,College,Men,Developmental,Atlantic Coast,Southern Atlantic Coast Dev,756
Delaware B,Sideshow,College,Men,Developmental,Atlantic Coast,Colonial Dev,757
Delaware,Sideshow,College,Men,Division I,Atlantic Coast,Colonial DI,758
Loyola Marymount,ShoreBreak,College,Men,Division I,Southwest,SoCal DI,759
Kenyon,SERF,College,Men,Division III,Ohio Valley,Ohio DIII,760
North Carolina-Wilmington,Seamen,College,Men,Division I,Atlantic Coast,Carolina DI,761
South Florida B,Scourge,College,Men,Developmental,Southeast,Southeast Dev,762
Radford,Scoundrels,College,Men,Division I,Atlantic Coast,Virginia DI,763
Shippensburg,Scapegoats,College,Men,Division III,Ohio Valley,West Penn DIII,764
SUNY-Albany B,SCAM,College,Men,Developmental,Metro East,Metro East Dev,765
SUNY-Albany,SCAM,College,Men,Division I,Metro East,Hudson Valley DI,766
South Florida,Scallywags,College,Men,Division I,Southeast,Florida DI,767
Santa Clara,SCAB,College,Men,Division I,Southwest,NorCal DI,768
Toledo,Savage,College,Men,Division I,Ohio Valley,Ohio DI,769
Colorado-Colorado Springs,Sauce,College,Men,Division I,South Central,Rocky Mountain DI,770
Santa Clara B,Santa Clara B,College,Men,Developmental,Southwest,NorCal DI,771
Northeastern C,Salty C Dogs,College,Men,Developmental,New England,Metro Boston Dev,772
St John's,Saint John's Ultimate,College,Men,Division III,North Central,Northwoods DIII,773
Yale,S√ºperfly,College,Men,Division I,Metro East,Hudson Valley DI,774
Regent University,RUUF,College,Men,Developmental,Atlantic Coast,Southern Atlantic Coast Dev,775
Montana State,Rum Runners,College,Men,Division I,Northwest,Big Sky DI,776
Rowan B,Ruf Riders B,College,Men,Developmental,Metro East,Metro East Dev,777
Rowan,Ruf Riders,College,Men,Division I,Metro East,Metro NY DI,778
Massachusetts-Lowell,Riverhawks,College,Men,Division I,New England,Metro Boston DI,779
Knox,River Rats,College,Men,Division III,Great Lakes,Illinois DIII,780
Rhode Island,RIUT,College,Men,Division I,New England,Greater New England DI,781
RIT,RIT Spudheds,College,Men,Division I,Metro East,Western NY DI,782
Illinois,Rise,College,Men,Division I,Great Lakes,Illinois DI,783
American B,Revolution,College,Men,Developmental,Atlantic Coast,Colonial Dev,784
College of New Jersey,Revolution,College,Men,Division III,Metro East,Metro NY DIII,785
Pacific Lutheran,Reign Men,College,Men,Division III,Northwest,Northwest DIII,786
Arkansas State,Red Wolf Ultimate,College,Men,Division I,South Central,Ozarks DI,787
Idaho,Red Scare,College,Men,Division I,Northwest,Big Sky DI,788
Harvard,Red Line,College,Men,Division I,New England,Metro Boston DI,789
Marist,Red Fox Ultimate,College,Men,Division III,Metro East,Hudson Valley DIII,790
Wooster,RamJam,College,Men,Division III,Ohio Valley,Ohio DIII,791
Jefferson,Ram Riders,College,Men,Division III,Ohio Valley,East Penn DIII,792
Fresno State,Rabid,College,Men,Division I,Southwest,NorCal DI,793
Long Beach State University B,Pyramid Scheme B,College,Men,Division I,,,794
Cal State-Long Beach,Pyramid Scheme,College,Men,Division I,Southwest,SoCal DI,795
St. Thomas,Purple Reign,College,Men,Division III,North Central,Northwoods DIII,796
LSU B,Purple Haze,College,Men,Developmental,Southeast,Southeast Dev,797
LSU,Purple Haze,College,Men,Division I,Southeast,Gulf Coast DI,798
Arizona State,Prime,College,Men,Division I,Southwest,Desert DI,799
Puget Sound,Postmen,College,Men,Division III,Northwest,Northwest DIII,800
Navy,Poseidon,College,Men,Division III,Atlantic Coast,Northern Atlantic Coast DIII,801
Pacific Lutheran B,PLU Reign B,College,Men,Division III,Northwest,Northwest DIII,802
Arizona State C,Pleasure Ultimate,College,Men,Developmental,Southwest,Southwest Dev,803
Arizona State B,Pleasure,College,Men,Developmental,Southwest,Southwest Dev,804
Rochester,Piggies,College,Men,Division III,Metro East,Western NY DIII,805
Tulsa,Party Fowl,College,Men,Division III,South Central,Ozarks DIII,806
Kennesaw State,Parliament,College,Men,Division I,Southeast,Southern Appalachian DI,807
Notre Dame,Papal Rage,College,Men,Division I,Great Lakes,East Plains DI,808
SUNY-Stony Brook,Panic,College,Men,Division I,Metro East,Metro NY DI,809
SUNY-Stony Brook,Panic,College,Men,Developmental,Metro East,Metro East Dev,810
Towson,Pandamonium,College,Men,Division I,Atlantic Coast,Colonial DI,811
Charleston,Palmetto Bums,College,Men,Division I,Atlantic Coast,Carolina DI,812
Dartmouth,Pain Train,College,Men,Division I,New England,North New England DIII,813
Oregon State B,Oregon State B,College,Men,Developmental,Northwest,Cascadia DI,814
Northwestern,NUT,College,Men,Division I,Great Lakes,Illinois DI,815
Pennsylvania B,Null,College,Men,Developmental,Ohio Valley,Ohio Valley Dev,816
Minnesota-Duluth,Northern Lights,College,Men,Division I,North Central,Northwoods DI,817
Appalachian State,Nomads,College,Men,Division I,Atlantic Coast,Carolina DI,818
Alabama-Huntsville,Nightmares,College,Men,Division I,Southeast,Gulf Coast DI,819
California-Irvine,Nightlife,College,Men,Division I,Southwest,SoCal DI,820
Virginia,Night Train,College,Men,Division I,Atlantic Coast,Virginia DI,821
Wesleyan,Nietzsch Factor,College,Men,Division III,Metro East,Hudson Valley DIII,822
NYU,New York University,College,Men,Division I,Metro East,Metro NY DI,823
New Hampshire,New Hampshire Ultimate Team,College,Men,Division I,New England,Greater New England DI,824
North Carolina State,NC State Alpha,College,Men,Division I,Atlantic Coast,Carolina DI,825
Ithaca,Nawshus Ultimate,College,Men,Division III,Metro East,Western NY DIII,826
Rutgers B,Mystery Machine,College,Men,Developmental,Metro East,Metro East Dev,827
Carnegie Mellon,Mr. Yuk,College,Men,Division I,Ohio Valley,West Penn DI,828
Mary Washington,Mother of George,College,Men,Division III,Atlantic Coast,Northern Atlantic Coast DIII,829
Missouri State,Missouri State,College,Men,Division I,South Central,Ozarks DI,830
Missouri,Missouri,College,Men,Division I,South Central,Ozarks DI,831
Missouri S&T,Miner Threat,College,Men,Division III,South Central,Ozarks DIII,832
Michigan B,Michigan-B,College,Men,Developmental,Great Lakes,Great Lakes Dev,833
Miami (Ohio),Miami Boogiemen,College,Men,Division I,Ohio Valley,Ohio DI,834
William & Mary,Merry Men,College,Men,Division I,Atlantic Coast,Virginia DI,835
San Jose State,Megabyte,College,Men,Division I,Southwest,NorCal DI,836
George Mason,Massacre,College,Men,Division I,Atlantic Coast,Virginia DI,837
Maryland,Maryland Ultimate,College,Men,Division I,Atlantic Coast,Colonial DI,838
Boise State,Mamu Zaldi,College,Men,Division I,Northwest,Big Sky DI,839
Colorado,Mamabird,College,Men,Division I,South Central,Rocky Mountain DI,840
Villanova,Main Line Ultimate,College,Men,Division I,Ohio Valley,East Penn DI,841
Michigan,MagnUM,College,Men,Division I,Great Lakes,Michigan DI,842
Luther,LUFDA,College,Men,Division III,North Central,West Plains DIII,843
Arkansas,Ludicrous Speed,College,Men,Division I,South Central,Ozarks DI,844
Penn State B,LoveTap,College,Men,Developmental,Ohio Valley,Ohio Valley Dev,845
Grand Canyon,Lopes,College,Men,Division I,Southwest,Desert DI,846
Middle Tennessee State,Lightning,College,Men,Division I,Southeast,Gulf Coast DI,847
Lehigh B,Lehigh-B,College,Men,Division III,Ohio Valley,East Penn DIII,848
Lehigh,Lehigh,College,Men,Division I,Ohio Valley,East Penn DI,849
Ohio State,Leadbelly,College,Men,Division I,Ohio Valley,Ohio DI,850
George Mason B,Laser Sharks,College,Men,Developmental,Atlantic Coast,Southern Atlantic Coast Dev,851
Sacred Heart,Laces,College,Men,Division I,Metro East,Hudson Valley DI,852
Kentucky,KULT,College,Men,Division I,Great Lakes,East Plains DI,853
Coe,Kohucks,College,Men,Division III,North Central,West Plains DIII,854
Kentucky B,Kentucky,College,Men,Division I,Great Lakes,Great Lakes Dev,855
Carleton College Karls,Karls,College,Men,Division III,North Central,Northwoods DIII,856
Georgetown,Justice,College,Men,Division I,Atlantic Coast,Colonial DI,857
Dickinson,Junkyard Turkeys,College,Men,Division III,Ohio Valley,West Penn DIII,858
Chicago,Junk,College,Men,Division I,Great Lakes,Illinois DI,859
Truman State,JujiTSU,College,Men,Division III,South Central,Ozarks DIII,860
Georgia,Jojah,College,Men,Division I,Southeast,Southern Appalachian DI,861
Clemson,Joint Chiefs of Waft,College,Men,Division I,Atlantic Coast,Carolina DI,862
Colgate,Jabberwock,College,Men,Division III,Metro East,Western NY DIII,863
Iowa State,ISUC,College,Men,Division I,North Central,West Plains DI,864
John Brown,Ironfist,College,Men,Division III,South Central,Ozarks DIII,865
East Carolina,Irates,College,Men,Division I,Atlantic Coast,Carolina DI,866
Alabama-Birmingham,Inferno,College,Men,Division I,Southeast,Gulf Coast DI,867
Iowa,IHUC,College,Men,Division I,North Central,West Plains DI,868
Mississippi,HYDRa,College,Men,Division I,Southeast,Gulf Coast DI,869
Northeastern,Huskies,College,Men,Division I,New England,Metro Boston DI,870
Humboldt State,Humboldt State Buds,College,Men,Division I,Southwest,NorCal DI,871
Kansas,Horrorzontals,College,Men,Division I,South Central,Ozarks DI,872
Indiana,HoosierMama's,College,Men,Division I,Great Lakes,East Plains DI,873
Wisconsin,Hodags,College,Men,Division I,North Central,Lake Superior DI,874
High Point,High Point University Bagheera,College,Men,Division III,Atlantic Coast,Carolina DIII,875
Texas Christian,High Noon,College,Men,Division I,South Central,North Texas DI,876
Colorado State B,Hibida,College,Men,Division I,South Central,Rocky Mountain DI,877
Colorado State,Hibida,College,Men,Division I,South Central,Rocky Mountain DI,878
James Madison,Hellfish,College,Men,Division I,Atlantic Coast,Virginia DI,879
Allegheny,Hellbender,College,Men,Division III,Ohio Valley,West Penn DIII,880
Central Florida B,Havoc,College,Men,Developmental,Southeast,Southeast Dev,881
Carnegie Mellon B,Harmful,College,Men,Developmental,Ohio Valley,Ohio Valley Dev,882
New Mexico,Hanta Virus,College,Men,Division I,Southwest,Desert DI,883
Edinboro,Haggis,College,Men,Division I,Ohio Valley,West Penn DI,884
Ave Maria,Gyrenes,College,Men,Division III,Southeast,Eastern Southeast DIII,885
Gonzaga,GURU,College,Men,Division I,Northwest,Big Sky DI,886
Grinnell,Grinnellephants,College,Men,Division III,North Central,West Plains DIII,887
MIT,Grim Beaver,College,Men,Division I,New England,Metro Boston DI,888
Minnesota,Grey Duck,College,Men,Division I,North Central,Northwoods DI,889
SUNY-Buffalo,Green Eggs and Ham,College,Men,Division I,Metro East,Western NY DI,890
Texas B,Graze,College,Men,Division I,South Central,South Texas DI,891
Sonoma State,Grapes of Wrath,College,Men,Division I,Southwest,NorCal DI,892
Goucher,Gophbusters,College,Men,Division III,Atlantic Coast,Northern Atlantic Coast DIII,893
Akron,GoonSquad,College,Men,Division I,Ohio Valley,Ohio DI,894
Carleton College-GoP,Gods of Plastic,College,Men,Division III,North Central,Northwoods DIII,895
Illinois State,Gnomes,College,Men,Division I,Great Lakes,Illinois DI,896
South Carolina,Gamecock Ultimate,College,Men,Division I,Atlantic Coast,Carolina DI,897
George Washington,G-Dub Hippos,College,Men,Division I,Atlantic Coast,Colonial DI,898
George Washington B,G-Dub Bippos,College,Men,Developmental,Atlantic Coast,Colonial Dev,899
Colorado-Denver,Frostbite,College,Men,Division I,South Central,Rocky Mountain DI,900
Stephen F. Austin,Frontier,College,Men,Division I,South Central,North Texas DI,901
Yale B,Friends of Gravity,College,Men,Developmental,Metro East,Metro East Dev,902
Oberlin B,Flying Horsecows,College,Men,Developmental,Ohio Valley,Ohio Valley Dev,903
Oberlin,Flying Horsecows,College,Men,Division III,Ohio Valley,Ohio DIII,904
Hofstra,Flying Dutchmen,College,Men,Division I,Metro East,Metro NY DI,905
Dayton,FLUD,College,Men,Division I,Ohio Valley,Ohio DI,906
Florida Tech,Florida Tech Competitive,College,Men,Division III,Southeast,Eastern Southeast DIII,907
Florida B,Florida B,College,Men,Developmental,Southeast,Southeast Dev,908
Florida,Florida,College,Men,Division I,Southeast,Florida DI,909
Liberty,Flames,College,Men,Division I,Atlantic Coast,Virginia DI,910
Jacksonville State,Firebird,College,Men,Division I,Southeast,Gulf Coast DI,911
Indiana (Pennsylvania),Fighting Squirrels,College,Men,Division I,Ohio Valley,West Penn DI,912
Case Western Reserve,Fighting Gobies[A],College,Men,Division I,Ohio Valley,Ohio DI,913
Case Western Reserve B,Fighting Gobies,College,Men,Developmental,Ohio Valley,Ohio Valley Dev,914
Florida Gulf Coast,FGCU Eagles,College,Men,Division I,Southeast,Florida DI,915
San Diego State,Federales,College,Men,Division I,Southwest,SoCal DI,916
Wisconsin B,Fauxdags,College,Men,Developmental,North Central,North Central Dev,917
Franciscan,Fatal,College,Men,Division III,Ohio Valley,Ohio DIII,918
Messiah,Falcons,College,Men,Division III,Ohio Valley,West Penn DIII,919
Colorado School of Mines B,Entropy - B,College,Men,Division III,South Central,Rocky Mountain DIII,920
Colorado School of Mines,Entropy,College,Men,Division III,South Central,Rocky Mountain DIII,921
Pittsburgh,En Sabah Nur,College,Men,Division I,Ohio Valley,West Penn DI,922
Emory,Emory Juice,College,Men,Division I,Southeast,Southern Appalachian DI,923
Nevada-Reno,Elevation Ultimate,College,Men,Division I,Southwest,NorCal DI,924
Tufts,Elephant Men,College,Men,Division I,New England,Metro Boston DI,925
Northern Arizona,El Ponderoso,College,Men,Division I,Southwest,Desert DI,926
Oregon,Ego,College,Men,Division I,Northwest,Cascadia DI,927
Wisconsin-Eau Claire,EauZone,College,Men,Division I,North Central,Lake Superior DI,928
Swarthmore,Earthworms,College,Men,Division III,Ohio Valley,East Penn DIII,929
Georgia Southern,Eagles,College,Men,Division I,Southeast,Southern Appalachian DI,930
Boston College,Eagles,College,Men,Division I,New England,Metro Boston DI,931
Oklahoma Christian,Eagles,College,Men,Division III,South Central,Ozarks DIII,932
Davidson,DUFF,College,Men,Division III,Atlantic Coast,Carolina DIII,933
Florida State B,DUF Lite,College,Men,Developmental,Southeast,Southeast Dev,934
Florida State,DUF,College,Men,Division I,Southeast,Florida DI,935
Drury University,Drury Ultimate,College,Men,Division III,,,936
Drexel,Dragons,College,Men,Division I,Ohio Valley,East Penn DI,937
Texas A&M B,Dozen Matter,College,Men,Developmental,South Central,South Texas DI,938
Texas A&M,Dozen,College,Men,Division I,South Central,South Texas DI,939
Syracuse,Doom,College,Men,Division I,Metro East,Western NY DI,940
Central Florida,Dogs of War,College,Men,Division I,Southeast,Florida DI,941
Samford,Dogma,College,Men,Division III,Southeast,Western Southeast DIII,942
Georgia College,Disconnected,College,Men,Division III,Southeast,Eastern Southeast DIII,943
Embry-Riddle,Dirty Birds,College,Men,Division III,Southeast,Eastern Southeast DIII,944
Western Washington,DIRT,College,Men,Division I,Northwest,Northwest DI,945
Sam Houston State,Deuce Ultimate,College,Men,Division I,South Central,South Texas DI,946
Occidental,Detox,College,Men,Division III,Southwest,Southwest DIII,947
Denison,Denison Frisbee Ultimate Club,College,Men,Division III,Ohio Valley,Ohio DIII,948
Dayton B,Dayton FLUD B,College,Men,Developmental,Ohio Valley,Ohio Dev,949
California-Davis,Davis Dogs,College,Men,Division I,Southwest,NorCal DI,950
North Carolina,Darkside,College,Men,Division I,Atlantic Coast,Carolina DI,951
Mississippi State,Dark Horse,College,Men,Division I,Southeast,Gulf Coast DI,952
Johns Hopkins,Dangerzone,College,Men,Division I,Atlantic Coast,Colonial DI,953
Carleton College,CUT,College,Men,Division I,North Central,Northwoods DI,955
Colorado B,CUCU,College,Men,Division I,South Central,Rocky Mountain DI,956
Purdue B,CTRL-Z,College,Men,Developmental,Great Lakes,Great Lakes Dev,957
Cal Poly-Pomona,Cow Ultimate,College,Men,Division I,Southwest,SoCal DI,958
Nebraska,Cornfed Ultimate,College,Men,Division I,North Central,West Plains DI,959
Cornell B,Cornell-B (Shake),College,Men,Developmental,Metro East,Metro East Dev,960
Washington University B,Contraband,College,Men,Division I,South Central,Ozarks DI,961
Washington University,Contra,College,Men,Division I,South Central,Ozarks DI,962
Creighton,Colossus,College,Men,Division I,North Central,West Plains DI,963
Colorado-Mesa,Colorado Mesa Space Cows,College,Men,Division I,South Central,Rocky Mountain DI,964
Rice B,Cloud 9,College,Men,Division III,South Central,Texas DIII,965
Rice,Cloud 9,College,Men,Division III,South Central,Texas DIII,966
Princeton B,Clockwork B,College,Men,Developmental,Metro East,Metro East Dev,967
Princeton,Clockwork,College,Men,Division I,Metro East,Metro NY DI,968
Georgia B,Chillydawgs,College,Men,Developmental,Southeast,Southeast Dev,969
Vermont-C,Chill D,College,Men,Developmental,New England,Greater New England Dev,970
Vermont,Chill,College,Men,Division I,New England,Greater New England DI,971
Chico State,Chico State Wildcats,College,Men,Division I,Southwest,NorCal DI,972
Brigham Young B,CHI B,College,Men,Developmental,Northwest,Big Sky DI,973
Brigham Young,CHI,College,Men,Division I,Northwest,Big Sky DI,974
North Carolina-Charlotte,Charlotte Skyrise,College,Men,Division I,Atlantic Coast,Carolina DI,975
Colby,CDC (Men's),College,Men,Division III,New England,North New England DIII,976
North Florida,Category 5,College,Men,Division I,Southeast,Florida DI,977
Ball State,Cardinals,College,Men,Division I,Great Lakes,East Plains DI,978
Campbell,Camels,College,Men,Division III,Atlantic Coast,Carolina DIII,979
California,California-Berkeley,College,Men,Division I,Southwest,NorCal DI,980
Cal Poly-SLO C,Cal Poly SLO C,College,Men,Developmental,Southwest,Southwest Dev,981
Salisbury,Buzz Ultimate A,College,Men,Division I,Atlantic Coast,Colonial DI,982
Butler,Butler Big Dog,College,Men,Division III,Great Lakes,East Plains DIII,983
Virginia Tech,Burn,College,Men,Division I,Atlantic Coast,Virginia DI,984
Cornell,Buds,College,Men,Division I,Metro East,Western NY DI,985
Berry,Bucks,College,Men,Division III,Southeast,Eastern Southeast DIII,986
Texas State,Buckets,College,Men,Division I,South Central,South Texas DI,987
George Fox,Bruins,College,Men,Division III,Northwest,Northwest DIII,988
Brown,Brownian Motion,College,Men,Division I,New England,Greater New England DI,989
Brown B,Brown - B,College,Men,Developmental,New England,Greater New England Dev,990
Duke,Brimstone,College,Men,Division I,Atlantic Coast,Carolina DI,991
UW-Eau Claire B,Breauzone,College,Men,Developmental,North Central,Lake Superior Dev,992
Claremont,Braineaters,College,Men,Division III,Southwest,Southwest DIII,993
Boston University,Boston University,College,Men,Division I,New England,Metro Boston DI,994
Maryland-Baltimore County,Booya,College,Men,Division I,Atlantic Coast,Colonial DI,995
Illinois B,Boomland,College,Men,Developmental,Great Lakes,Great Lakes Dev,996
Northwestern B,Bolt,College,Men,Developmental,Great Lakes,Great Lakes Dev,997
Wisconsin-Milwaukee B,BLACKOUT,College,Men,Developmental,North Central,North Central Dev,998
Maine,Blackfly,College,Men,Division I,New England,Greater New England DI,999
California-Santa Barbara,Black Tide,College,Men,Division I,Southwest,SoCal DI,1000
Olivet Nazarene,Black Penguins,College,Men,Division III,Great Lakes,Illinois DIII,1001
California-Santa Barbara B,Black Out,College,Men,Developmental,Southwest,Southwest Dev,1002
Wisconsin-Milwaukee,Black Cat,College,Men,Division I,North Central,Lake Superior DI,1003
Virginia Commonwealth University,Biscuit Villains,College,Men,Division I,Atlantic Coast,Virginia DI,1004
Elon,Big Fat Bomb,College,Men,Division III,Atlantic Coast,Carolina DIII,1005
Haverford,Big Donkey Ultimate,College,Men,Division III,Ohio Valley,East Penn DIII,1006
The Ohio State University B,Big Buckin' Chicken,College,Men,Developmental,Ohio Valley,Ohio Dev,1007
Belmont University,Belmont - Disco,College,Men,Division III,Southeast,Southeast DIII,1008
California-Irvine B,Bedtime,College,Men,Developmental,Southwest,Southwest Dev,1009
Oregon State,Beavers,College,Men,Division I,Northwest,Cascadia DI,1010
Northeastern B,Beastern,College,Men,Developmental,New England,Metro Boston Dev,1011
Cincinnati,Bearcats,College,Men,Division I,Ohio Valley,Ohio DI,1012
Coastal Carolina,Beach Chickens,College,Men,Division I,Atlantic Coast,Carolina DI,1013
North Carolina B,BatCH,College,Men,Developmental,Atlantic Coast,Southern Atlantic Coast Dev,1014
Southern Methodist,Bankroll,College,Men,Division I,South Central,North Texas DI,1015
Whitworth,Bangarang,College,Men,Division III,Northwest,Northwest DIII,1016
Towson B,Bamboozle,College,Men,Developmental,Atlantic Coast,Colonial Dev,1017
Catholic,Bad Habit,College,Men,Division III,Atlantic Coast,Northern Atlantic Coast DIII,1018
Lewis & Clark,Bacchus,College,Men,Division III,Northwest,Northwest DIII,1019
Xavier,B.L.O.B.,College,Men,Division III,Ohio Valley,Ohio DIII,1020
Willamette University,Asylum,College,Men,Division III,Northwest,Northwest DIII,1021
Maryland B,Astro Quakers,College,Men,Developmental,Atlantic Coast,Colonial Dev,1022
Amherst College,Army of Darkness,College,Men,Division III,New England,South New England DIII,1023
Vanderbilt,Armada,College,Men,Division I,Southeast,Gulf Coast DI,1024
Saint Louis,Archangel,College,Men,Division I,South Central,Ozarks DI,1025
Michigan State,ARC,College,Men,Division I,Great Lakes,Michigan DI,1026
Oklahoma,Apes of Wrath,College,Men,Division I,South Central,Ozarks DI,1027
Northern Iowa,AmmUNItion,College,Men,Division I,North Central,West Plains DI,1028
Temple,Alert,College,Men,Division I,Ohio Valley,East Penn DI,1029
Wright State,Airstrike,College,Men,Division I,Ohio Valley,Ohio DI,1030
California-San Diego B,Air Squids LITE,College,Men,Developmental,Southwest,Southwest Dev,1031
California-San Diego,Air Squids,College,Men,Division I,Southwest,SoCal DI,1032
Washington State,Air Raid,College,Men,Division I,Northwest,Big Sky DI,1033
Caltech,Aftermath,College,Men,Division III,Southwest,Southwest DIII,1034
Air Force,Afterburn,College,Men,Division III,South Central,Rocky Mountain DIII,1035
Auburn,Aetos,College,Men,Division I,Southeast,Gulf Coast DI,1036
Ohio Wesleyan,Yetis,College,Women,Division III,Ohio Valley,Ohio DIII,1037
Charleston,Charleston,College,Women,Division I,Atlantic Coast,Carolina DI,1038
Michigan B,BFLY,College,Women,Developmental,Great Lakes,Eastern Great Lakes DI,1039
Northwestern B,GungHo B,College,Women,Division I,Great Lakes,Illinois DI,1040
Rhode Island,Disky Business,College,Women,Division I,New England,Greater New England DI,1041
Towson B,Hammertime B,College,Women,Developmental,Atlantic Coast,Atlantic Coast Dev,1042
Washington University B,Washington University (Locamotive),College,Women,Developmental,South Central,Ozarks DI,1043
Minnesota,Ninjas,College,Women,Division I,North Central,Western North Central DI,1044
Jacksonville State,Fuego,College,Women,Division I,Southeast,Gulf Coast DI,1045
Arizona B,Sirens,College,Women,Developmental,Southwest,Southwest Dev,1046
RIT,Yams,College,Women,Division I,Metro East,Western NY DI,1047
Purdue,Xpress,College,Women,Division I,Great Lakes,Eastern Great Lakes DI,1048
Georgia Tech B,Wreck B,College,Women,Developmental,Southeast,Southern Appalachian DI,1049
Georgia Tech,Wreck,College,Women,Division I,Southeast,Southern Appalachian DI,1050
Texas Christian,Wrath,College,Women,Division I,South Central,Texas DI,1051
Occidental,Women's Air Corps (WAC),College,Women,Division III,Southwest,SoCal DI,1052
Notre Dame,Womb,College,Women,Division I,Great Lakes,Eastern Great Lakes DI,1053
Iowa State,Woman Scorned,College,Women,Division I,North Central,Western North Central DI,1054
Cornell,Wild Roses,College,Women,Division I,Metro East,Western NY DI,1055
Whitman,Whitman Sweets,College,Women,Division I,Northwest,Big Sky DI,1056
Texas-Dallas,Whiplash,College,Women,Division I,South Central,Texas DI,1057
West Chester,West Chester,College,Women,Division I,Ohio Valley,Pennsylvania DI,1058
Swarthmore,Warmothers,College,Women,Division III,Ohio Valley,Pennsylvania DIII,1059
Vanderbilt,VUDU,College,Women,Division I,Southeast,Gulf Coast DI,1060
St Olaf,Vortex,College,Women,Division III,North Central,North Central DIII,1061
Georgia State,Vixen,College,Women,Division I,Southeast,Southern Appalachian DI,1062
Virginia B,Virginia,College,Women,Developmental,Atlantic Coast,Atlantic Coast Dev,1063
Wesleyan,Vicious Circles,College,Women,Division III,Metro East,Eastern Metro East DIII,1064
Vermont B,Vermont B,College,Women,Developmental,New England,New England Dev,1065
Pennsylvania,Venus,College,Women,Division I,Ohio Valley,Pennsylvania DI,1066
Virginia Commonwealth,Vendetta,College,Women,Division I,Atlantic Coast,Virginia DI,1067
Northeastern,Valkyries A,College,Women,Division I,New England,Metro Boston DI,1068
Northeastern B,Valkyries,College,Women,Developmental,New England,New England Dev,1069
Victoria,UVixens,College,Women,Division I,Northwest,Cascadia DI,1070
Belmont,URSA,College,Women,Division III,Southeast,Southeast DIII,1071
Portland,UPRoar,College,Women,Division III,Northwest,Northwest DIII,1072
Boston University,Uprising,College,Women,Division I,New England,Metro Boston DI,1073
California-San Diego,UCSD D-Co Womxn's Ultimate,College,Women,Division I,Southwest,SoCal DI,1074
Connecticut,UConn Rise,College,Women,Division I,Metro East,Eastern Metro East DI,1075
UCLA B,UCLA Midas,College,Women,Developmental,Southwest,Southwest Dev,1076
California-San Diego B,UC San Diego Berserk Coalition,College,Women,Developmental,Southwest,Southwest Dev,1077
California-Davis B,UC Davis -B,College,Women,Developmental,Southwest,Southwest Dev,1078
Emory B,Tuna,College,Women,Developmental,Southeast,Southern Appalachian DI,1079
Truman State,TSUnami Women's Ultimate,College,Women,Division III,South Central,South Central DIII,1080
Texas State,Trainwreck,College,Women,Division I,South Central,Texas DI,1081
Cincinnati,Toxic,College,Women,Division I,Ohio Valley,Ohio DI,1082
Rice,Torque,College,Women,Division III,South Central,South Central DIII,1083
Clemson,Tiger Lilies,College,Women,Division I,Atlantic Coast,Carolina DI,1084
British Columbia,Thunderbirds,College,Women,Division I,Northwest,Cascadia DI,1085
Seattle,Throbot,College,Women,Division III,Northwest,Northwest DIII,1086
SUNY-Buffalo,The Lorax,College,Women,Division I,Metro East,Western NY DI,1087
Missouri,Terror Mizzou,College,Women,Division I,South Central,Ozarks DI,1088
Alabama-Huntsville,Terror,College,Women,Division I,Southeast,Gulf Coast DI,1089
Temple,T.U.F Broads,College,Women,Division I,Ohio Valley,Pennsylvania DI,1090
Temple B,T.U.B,College,Women,Division I,Ohio Valley,Pennsylvania DI,1091
Carleton College,Syzygy,College,Women,Division I,North Central,Western North Central DI,1092
Carleton College - D3,Syzygy,College,Women,Division III,North Central,North Central DIII,1093
Duke,Swerve,College,Women,Division I,Atlantic Coast,Carolina DI,1094
Chicago,Supersnatch,College,Women,Division I,Great Lakes,Illinois DI,1095
SUNY Cortland,SUNY Cortland,College,Women,Division III,Metro East,Western NY DIII,1096
Kennesaw State,Strix,College,Women,Division I,Southeast,Southern Appalachian DI,1097
Stanford,Stanford (Superfly),College,Women,Division I,Southwest,NorCal DI,1098
Ohio,Stacked Cats,College,Women,Division I,Ohio Valley,Ohio DI,1099
Texas A&M,Stacked,College,Women,Division I,South Central,Texas DI,1100
Utah,Spiral Jetty Ultimate,College,Women,Division I,Northwest,Big Sky DI,1101
Amherst College,Sparkle Motion,College,Women,Division III,New England,South New England DIII,1102
Miami,Southern Tropical Depressions,College,Women,Division I,Southeast,Florida DI,1103
Georgia Southern,Southern Sirens,College,Women,Division I,Southeast,Southern Appalachian DI,1104
Wisconsin-Eau Claire,SOL,College,Women,Division I,North Central,Lake Superior DI,1105
California-Santa Cruz,Sol,College,Women,Division I,Southwest,NorCal DI,1106
Arkansas,SoCo,College,Women,Division I,South Central,Ozarks DI,1107
Haverford/Bryn Mawr B,Sneetches B,College,Women,Division III,Ohio Valley,Pennsylvania DIII,1108
Haverford/Bryn Mawr,Sneetches,College,Women,Division III,Ohio Valley,Pennsylvania DIII,1109
MIT,sMITe,College,Women,Division I,New England,Metro Boston DI,1110
SUNY-Stony Brook,Smash,College,Women,Division I,Metro East,Eastern Metro East DI,1111
Cal Poly SLO B,SLO Motion Developmental,College,Women,Developmental,Southwest,Southwest Dev,1112
Cal Poly-SLO,SLO Motion,College,Women,Division I,Southwest,SoCal DI,1113
Skidmore,Skidmore College Thoroughbears,College,Women,Division III,Metro East,Eastern Metro East DIII,1114
Central Florida,Sirens,College,Women,Division I,Southeast,Florida DI,1115
SUNY-Fredonia,Shell Raisers,College,Women,Division III,Metro East,Western NY DIII,1116
Maryland-Baltimore County,Shazam,College,Women,Division I,Atlantic Coast,Colonial DI,1117
FSU B,Seminole Ladies Pt 2,College,Women,Developmental,Southeast,Southeast Dev,1118
Florida State,Seminole Ladies,College,Women,Division I,Southeast,Florida DI,1119
North Carolina-Wilmington,Seaweed,College,Women,Division I,Atlantic Coast,Carolina DI,1120
San Diego State University,SDSU Gnomes,College,Women,Division I,Southwest,SoCal DI,1121
South Carolina,Scorch Ultimate,College,Women,Division I,Atlantic Coast,Carolina DI,1122
Arizona,Scorch,College,Women,Division I,Southwest,Desert DI,1123
South Florida,Scallywenches,College,Women,Division I,Southeast,Florida DI,1124
John Brown,Savage Skies,College,Women,Division III,South Central,South Central DIII,1125
Iowa,Saucy Nancy,College,Women,Division I,North Central,Western North Central DI,1126
Santa Clara,Santa Clara RAGE,College,Women,Division I,Southwest,NorCal DI,1127
Sam Houston State,Sam Houston State,College,Women,Division I,South Central,South Texas DI,1128
Wake Forest,Ruckus,College,Women,Division I,Atlantic Coast,Carolina DI,1129
Vermont,Ruckus,College,Women,Division I,New England,Greater New England DI,1130
California-Davis,Rogue,College,Women,Division I,Southwest,NorCal DI,1131
Richmond,Richmond Redhots,College,Women,Division III,Atlantic Coast,Atlantic Coast DIII,1132
Pacific Lutheran,Reign Women,College,Women,Division III,Northwest,Northwest DIII,1133
St Benedict,Rapture,College,Women,Division III,North Central,North Central DIII,1134
Yale,Ramona,College,Women,Division I,Metro East,Eastern Metro East DI,1135
Alabama,Ramma Jamma,College,Women,Division I,Southeast,Gulf Coast DI,1136
Harvard,Quasar,College,Women,Division I,New England,Metro Boston DI,1137
Colorado,Quandary,College,Women,Division I,South Central,Rocky Mountain DI,1138
Macalester,Pursesnatchers,College,Women,Division III,North Central,North Central DIII,1139
Oberlin B,Preying Manti B,College,Women,Division III,Ohio Valley,Ohio DIII,1140
Oberlin,Preying Manti A,College,Women,Division III,Ohio Valley,Ohio DIII,1141
Pacific Lutheran B,PLU Royals,College,Women,Division III,Northwest,Northwest DIII,1142
North Carolina,Pleiades,College,Women,Division I,Atlantic Coast,Carolina DI,1143
California,Pie Queens,College,Women,Division I,Southwest,NorCal DI,1144
Colorado B,Petra,College,Women,Developmental,South Central,Rocky Mountain DI,1145
Columbia,PANDEMIC,College,Women,Division I,Metro East,Eastern Metro East DI,1146
Portland State,Osiks,College,Women,Division I,Northwest,Cascadia DI,1147
New Hampshire,Oriza Ultimate,College,Women,Division I,New England,Greater New England DI,1148
Western Washington B,Nyx,College,Women,Division I,Northwest,Cascadia DI,1149
NYU,NYU Violet Femmes,College,Women,Division I,Metro East,Eastern Metro East DI,1150
Catholic,Nun Betta,College,Women,Division III,Atlantic Coast,Atlantic Coast DIII,1151
Appalachian State,Nonads,College,Women,Division I,Atlantic Coast,Carolina DI,1152
Cal State-Long Beach,No Regrets,College,Women,Division I,Southwest,SoCal DI,1153
Mississippi State,Night Mare,College,Women,Division I,Southeast,Gulf Coast DI,1154
Oklahoma,Never Mrs,College,Women,Division I,South Central,Ozarks DI,1155
Tulane,Muses,College,Women,Division I,Southeast,Gulf Coast DI,1156
Montana,MT PillowFight,College,Women,Division I,Northwest,Big Sky DI,1157
Tennessee-Chattanooga,Moxie,College,Women,Division I,Southeast,Southern Appalachian DI,1158
West Virginia,Mountain Mamas,College,Women,Division I,Ohio Valley,Pennsylvania DI,1159
Houston,Metropolis,College,Women,Division I,South Central,Texas DI,1160
Messiah,Messiah Falcons,College,Women,Division III,Ohio Valley,Pennsylvania DIII,1161
Texas,Melee,College,Women,Division I,South Central,Texas DI,1162
Texas B,Mayhem,College,Women,Developmental,South Central,Texas DI,1163
Mary Washington,Mary Massacre,College,Women,Division III,Atlantic Coast,Atlantic Coast DIII,1164
Hofstra,M45,College,Women,Division I,Metro East,Eastern Metro East DI,1165
Colorado College,Lysistrata's Tools,College,Women,Division I,South Central,Rocky Mountain DI,1166
Georgia College,Lynx rufus,College,Women,Division III,Southeast,Southeast DIII,1167
Emory,Luna,College,Women,Division I,Southeast,Southern Appalachian DI,1168
LSU,LSU Women's Ultimate,College,Women,Division I,Southeast,Gulf Coast DI,1169
Liberty,Liberty Flames,College,Women,Division I,Atlantic Coast,Virginia DI,1170
DePaul,Laser Chains,College,Women,Division I,Great Lakes,Illinois DI,1171
Mississippi,Landsharks,College,Women,Division I,Southeast,Gulf Coast DI,1172
Minnesota-Duluth,LakEffect,College,Women,Division I,North Central,Western North Central DI,1173
Massachusetts,Lady Zoo,College,Women,Division I,New England,Greater New England DI,1174
Williams,La WUFA,College,Women,Division III,New England,South New England DIII,1175
Ithaca,Kweezy Ultimate,College,Women,Division III,Metro East,Western NY DIII,1176
Kentucky,KULT,College,Women,Division I,Great Lakes,Eastern Great Lakes DI,1177
Dayton,Kraken,College,Women,Division I,Ohio Valley,Ohio DI,1178
Air Force,Kiwi,College,Women,Division III,South Central,South Central DIII,1179
Northern Arizona,Jines in the Pines,College,Women,Division I,Southwest,Desert DI,1180
North Carolina State,Jaga Monsta,College,Women,Division I,Atlantic Coast,Carolina DI,1181
Washington University,Iron Horse,College,Women,Division I,South Central,Ozarks DI,1182
Illinois,Illinois,College,Women,Division I,Great Lakes,Illinois DI,1183
Xavier,Ignition,College,Women,Division III,Ohio Valley,Ohio DIII,1184
Idaho,Idaho Gems,College,Women,Division I,Northwest,Big Sky DI,1185
Drake University,iBex,College,Women,Division III,North Central,North Central DIII,1186
Denver,Hype,College,Women,Division I,South Central,Rocky Mountain DI,1187
Virginia,Hydra,College,Women,Division I,Atlantic Coast,Virginia DI,1188
Georgetown,Huckin' Foyas,College,Women,Division I,Atlantic Coast,Colonial DI,1189
Pittsburgh B,High Voltage,College,Women,Division I,Ohio Valley,Pennsylvania DI,1190
Maryland,Helpful Corn,College,Women,Division I,Atlantic Coast,Colonial DI,1191
Southern California,Hellions of Troy,College,Women,Division I,Southwest,SoCal DI,1192
Allegheny,Hellbenderitas,College,Women,Division III,Ohio Valley,Pennsylvania DIII,1193
Colorado State,Hell's Belles,College,Women,Division I,South Central,Rocky Mountain DI,1194
Towson,Hammertime,College,Women,Division I,Atlantic Coast,Colonial DI,1195
Humboldt State,Hags,College,Women,Division I,Southwest,NorCal DI,1196
Northwestern,GungHo,College,Women,Division I,Great Lakes,Illinois DI,1197
Grinnell,Grinneleanor Roosevelts,College,Women,Division III,North Central,North Central DIII,1198
Lehigh B,Gravity,College,Women,Division III,Ohio Valley,Pennsylvania DIII,1199
Lehigh,Gravity,College,Women,Division III,Ohio Valley,Pennsylvania DIII,1200
California-Irvine,Grass Ninjas,College,Women,Division I,Southwest,SoCal DI,1201
George Washington B,Gdub Bippos,College,Women,Developmental,Atlantic Coast,Atlantic Coast Dev,1202
George Washington,GDUB A,College,Women,Division I,Atlantic Coast,Colonial DI,1203
Oregon,Fugue,College,Women,Division I,Northwest,Cascadia DI,1204
Florida,FUEL,College,Women,Division I,Southeast,Florida DI,1205
Miami (Ohio),FrisBaes,College,Women,Division I,Ohio Valley,Ohio DI,1206
Luther,Freya,College,Women,Division III,North Central,North Central DIII,1207
Franciscan,Franciscan FIRE,College,Women,Division III,Ohio Valley,Ohio DIII,1208
Marist,FoxU Vixens,College,Women,Division III,Metro East,Eastern Metro East DIII,1209
Syracuse,Fox Force Seven,College,Women,Division I,Metro East,Western NY DI,1210
Michigan,Flywheel,College,Women,Division I,Great Lakes,Eastern Great Lakes DI,1211
Florida Tech,Flux,College,Women,Division III,Southeast,Southeast DIII,1212
Drexel,Flash Point,College,Women,Division I,Ohio Valley,Pennsylvania DI,1213
Salisbury,Flash,College,Women,Division I,Atlantic Coast,Colonial DI,1214
Stanford B,Firefly,College,Women,Developmental,Southwest,NorCal Dev,1215
Case Western Reserve,Fighting Gobies,College,Women,Division I,Ohio Valley,Ohio DI,1216
Ohio State B,Fever-B,College,Women,Developmental,Ohio Valley,Ohio DI,1217
Ohio State,Fever,College,Women,Division I,Ohio Valley,Ohio DI,1218
George Mason,Extinction,College,Women,Division I,Atlantic Coast,Virginia DI,1219
Tufts,EWO (Elephant Women),College,Women,Division I,New England,Metro Boston DI,1220
SUNY-Geneseo,Escargot,College,Women,Division III,Metro East,Western NY DIII,1221
North Texas,Envy,College,Women,Division I,South Central,Texas DI,1222
Colorado School of Mines,Enthalpy,College,Women,Division III,South Central,South Central DIII,1223
Alabama-Birmingham,Ember,College,Women,Division I,Southeast,Gulf Coast DI,1224
Washington,Element,College,Women,Division I,Northwest,Cascadia DI,1225
North Carolina B,Electra,College,Women,Developmental,Atlantic Coast,Atlantic Coast Dev,1226
Brown,Disco Inferno,College,Women,Division I,New England,Greater New England DI,1227
Berry,Discie Chicks,College,Women,Division III,Southeast,Southeast DIII,1228
American,Dirty Ladies,College,Women,Division I,Atlantic Coast,Colonial DI,1229
American B,Dirty Bees,College,Women,Developmental,Atlantic Coast,Atlantic Coast Dev,1230
Oregon State,Dinos,College,Women,Division I,Northwest,Cascadia DI,1231
Florida B,Diesel,College,Women,Developmental,Southeast,Florida DI,1232
SUNY-Albany,Deception,College,Women,Division I,Metro East,Eastern Metro East DI,1233
Dartmouth,Dartmouth Ultimate,College,Women,Division I,New England,Greater New England DI,1234
Pittsburgh,Danger,College,Women,Division I,Ohio Valley,Pennsylvania DI,1235
Mount Holyoke,Daisy Chain,College,Women,Division III,New England,South New England DIII,1236
Sonoma State,D'Vine,College,Women,Division I,Southwest,NorCal DI,1237
William & Mary,Cypress,College,Women,Division I,Atlantic Coast,Virginia DI,1238
Nebraska,Cuddle Raptors,College,Women,Division I,North Central,Western North Central DI,1239
Penn State,Crisis,College,Women,Division I,Ohio Valley,Pennsylvania DI,1240
Tulsa,Coriolis Force,College,Women,Division III,South Central,South Central DIII,1241
Montana State University,Cold Smoke,College,Women,Division I,Northwest,Big Sky DI,1242
Bates,Cold Front,College,Women,Division III,New England,North New England DIII,1243
Princeton,Clockwork,College,Women,Division I,Metro East,Eastern Metro East DI,1244
Puget Sound,Clearcut,College,Women,Division III,Northwest,Northwest DIII,1245
Claremont,Claremont Greenshirts,College,Women,Division III,Southwest,SoCal DI,1246
Chico State,Chico Chicas,College,Women,Division I,Southwest,NorCal DI,1247
Brigham Young,CHI,College,Women,Division I,Northwest,Big Sky DI,1248
Kansas State,Cheshire,College,Women,Division I,South Central,Ozarks DI,1249
Western Washington,Chaos,College,Women,Division I,Northwest,Cascadia DI,1250
Colby,CDC (Women's),College,Women,Division III,New England,North New England DIII,1251
Arizona State,Caliente,College,Women,Division I,Southwest,Desert DI,1252
Indiana,Calamity Jane,College,Women,Division I,Great Lakes,Eastern Great Lakes DI,1253
California B,Cal Tarts,College,Women,Developmental,Southwest,Southwest Dev,1254
California-Santa Barbara,Burning Skirts,College,Women,Division I,Southwest,SoCal DI,1255
Virginia Tech,Burnettes,College,Women,Division I,Atlantic Coast,Virginia DI,1256
Boise State,Buffalo Gals,College,Women,Division I,Northwest,Big Sky DI,1257
Boston College,Boston College,College,Women,Division I,New England,Metro Boston DI,1258
New Mexico,Bombshells,College,Women,Division I,Southwest,Desert DI,1259
Johns Hopkins,Blue-Footed Boobies,College,Women,Division I,Atlantic Coast,Colonial DI,1260
UCLA,BLU,College,Women,Division I,Southwest,SoCal DI,1261
Wisconsin-Milwaukee,BlackCat,College,Women,Division I,North Central,Lake Superior DI,1262
East Carolina,Black Pearl,College,Women,Division I,Atlantic Coast,Carolina DI,1263
Nevada-Reno,Black Ice,College,Women,Division I,Southwest,NorCal DI,1264
James Madison,Bitchmonkeys,College,Women,Division I,Atlantic Coast,Virginia DI,1265
Tennessee,Big Orange Screw,College,Women,Division I,Southeast,Southern Appalachian DI,1266
Washington B,Big Bang,College,Women,Developmental,Northwest,Cascadia DI,1267
Kansas,Betty Ultimate,College,Women,Division I,South Central,Ozarks DI,1268
Shippensburg,Bellewethers,College,Women,Division III,Ohio Valley,Pennsylvania DIII,1269
Wisconsin,Bella Donna,College,Women,Division I,North Central,Lake Superior DI,1270
Wisconsin B,Atropa,College,Women,Developmental,North Central,Lake Superior DI,1271
Baylor,Bearicade,College,Women,Division I,South Central,Texas DI,1272
Brandeis,Banshee,College,Women,Division III,New England,Metro Boston DIII,1273
Wisconsin-Oshkosh,Aviatrix,College,Women,Division I,North Central,Lake Superior DI,1274
North Georgia,Aurea Ultimate,College,Women,Division III,Southeast,Southeast DIII,1275
Georgia,Athena,College,Women,Division I,Southeast,Southern Appalachian DI,1276
Lewis & Clark,Artemis,College,Women,Division III,Northwest,Northwest DIII,1277
Auburn,Ares,College,Women,Division I,Southeast,Gulf Coast DI,1278
College of New Jersey,Anarchy,College,Women,Division III,Metro East,Eastern Metro East DIII,1279
Trinity,Altitude,College,Women,Division III,South Central,South Central DIII,1280
Knox,Alley Cats,College,Women,Division III,Great Lakes,Great Lakes DIII,1281
Goucher,All You Can Eat,College,Women,Division III,Atlantic Coast,Atlantic Coast DIII,1282
Akron,Akron Gold Diggers,College,Women,Division I,Ohio Valley,Ohio DI,1283
Christopher Newport,Airbenders,College,Women,Division III,Atlantic Coast,Atlantic Coast DIII,1284
Middlebury,Pranksters,College,Men,Division III,New England,North New England D-III,1285
Michigan Tech,,College,Men,Division III,North Central,Lake Superior DIII,1286
Bryant,Bryant Craze,College,Men,Division III,New England,South New England D-III,1287
Bowdoin,Clown,College,Men,Division III,New England,North New England D-III,1288
Hamilton,Hot Saucers,College,Men,Division III,Metro East,Western NY DIII,1289
Carleton College-Eclipse,,College,Women,Division III,North Central,North Central DIII,1290
Middlebury,Pranksters,College,Women,Division III,New England,North New England D-III,1291
Virginia Tech B,,College,Men,Developmental,Atlantic Coast,Virginia Dev,1292
James Madison B,,College,Men,Developmental,Atlantic Coast,Virginia Dev,1293
Grand Valley State,,College,Men,Division I,Great Lakes,Michigan D-I,1294
Valparaiso,Deus Vult,College,Men,Division III,Great Lakes,Great Lakes DIII,1295
North Park,Lost Boys,College,Men,Division III,Great Lakes,Illinois D-III,1296
Wheaton Illinois,,College,Men,Division III,Great Lakes,Illinois D-III,1297
Rose-Hulman,Elephantitis,College,Men,Division III,Great Lakes,East Plains DIII,1298
Rutgers,Machine,College,Men,Division I,Metro East,Eastern Metro East D-I,1299
SUNY-Geneseo,Snail,College,Men,Division III,Metro East,Western NY DIII,1300
SUNY-Oneonta,SOFA,College,Men,Division III,Metro East,Western NY DIII,1301
Army,Black Magic,College,Men,Division III,New England,Metro Boston DIII,1302
Rensselaer Polytech,Trudge,College,Men,Division III,Metro East,Eastern Metro East D-III,1303
Massachusetts C,,College,Men,Developmental,New England,South New England Dev,1304
Bentley,Icehouse,College,Men,Division III,New England,Metro Boston DIII,1305
Massachusetts-Amherst B,,College,Men,Developmental,New England,Greater New England Dev,1306
Dartmouth B,,College,Men,Developmental,New England,North New England Dev,1307
Marquette,Birdhouse,College,Men,Division I,North Central,Lake Superior DI,1308
Minnesota B,,College,Men,Developmental,North Central,Northwoods Dev,1309
Winona State,Experience,College,Men,Division I,North Central,Northwoods D-I,1310
St Olaf,Berzerkers,College,Men,Division III,North Central,Northwoods D-III,1311
Macalester,Blue Monkeys,College,Men,Division III,North Central,Northwoods D-III,1312
Wisconsin-Platteville,Udderburn,College,Men,Division III,North Central,Lake Superior DIII,1313
Montana State University,,College,Men,Division I,Northwest,Big Sky DI,1314
Muhlenberg,Flying Squirrels,College,Men,Division III,Ohio Valley,East Penn DIII,1315
Belmont,Disco,College,Men,Division III,Southeast,Southeast D-III,1316
Las Positas,Hawks,College,Men,Division I,Southwest,NorCal D-I,1317
Delaware,Sideshow,College,Women,Division I,Atlantic Coast,Colonial D-I,1318
Ball State,Cardinals,College,Women,Division I,Great Lakes,East Plains DI,1319
Ottawa,,College,Women,Division I,Metro East,Western NY DI,1320
Rensselaer Polytech,Trudge,College,Women,Division III,Metro East,Eastern Metro East D-III,1321
Vassar,Swinging Monks,College,Women,Division III,Metro East,Hudson Valley DIII,1322
SUNY-Oneonta,SOFA,College,Women,Division III,Metro East,Western NY DIII,1323
Bowdoin,Clown,College,Women,Division III,New England,North New England D-III,1324
Wellesley,,College,Women,Division III,New England,Metro Boston DIII,1325
Marquette,Birdhouse,College,Women,Division I,North Central,Lake Superior DI,1326
Carnegie Mellon,Mr. Yuk,College,Women,Division I,Ohio Valley,West Penn DI,1327
Haverford,Big Donkey Ultimate,College,Women,Division III,Ohio Valley,Pennsylvania D-III,1328
Texas-San Antonio,Velox,College,Women,Division I,South Central,South Texas DI,1329
Anderson,,College,Men,Division III,Atlantic Coast,Carolina D-III,1330
Georgetown B,,College,Men,Developmental,Atlantic Coast,Atlantic Coast Dev,1331
Ursinus,,College,Men,Division III,Ohio Valley,East Penn DIII,1332
Lancaster Bible,,College,Men,Division III,Ohio Valley,East Penn DIII,1333
Scranton,Electric City Scranton Ultimate,College,Men,Division III,Ohio Valley,East Penn DIII,1334
Indiana Wesleyan,Huck Dynasty,College,Men,Division III,Great Lakes,East Plains DIII,1335
Kalamazoo,Ultimate Buzz,College,Men,Division III,Great Lakes,Illinois D-III,1336
Florida Atlantic,Catalyst,College,Men,Division I,Southeast,Florida D-I,1337
Vermont B,,College,Men,Developmental,New England,New England Dev,1338
Indiana B,,College,Men,Developmental,Great Lakes,Eastern Great Lakes Dev,1339
Michigan State B,,College,Men,Developmental,Great Lakes,Great Lakes Dev,1340
Notre Dame B,,College,Men,Developmental,Great Lakes,Eastern Great Lakes Dev,1341
Southern Connecticut State,Disco Ninjas,College,Men,Division I,Metro East,Hudson Valley DI,1342
SUNY-New Paltz,Gunx,College,Men,Division I,Metro East,Hudson Valley DI,1343
Skidmore,Skidmore College ThoroughBEARS,College,Men,Division III,Metro East,Hudson Valley DIII,1344
Union,Electric City Plastic,College,Men,Division III,Metro East,Hudson Valley DIII,1345
Hartford,Lighthouse,College,Men,Division III,Metro East,Hudson Valley DIII,1346
Saint Rose,Kings of the North,College,Men,Division III,Metro East,Hudson Valley DIII,1347
New Haven,Chargers,College,Men,Division III,Metro East,Hudson Valley DIII,1348
Loyola-Chicago,Darkwing,College,Men,Division I,Great Lakes,Illinois D-I,1349
DePaul,DUC,College,Men,Division I,Great Lakes,Illinois D-I,1350
Northern Illinois,Dog House,College,Men,Division I,Great Lakes,Illinois D-I,1351
Wisconsin-La Crosse,BadLUC,College,Men,Division I,North Central,Lake Superior DI,1352
Wisconsin-Stevens Point,Homegrown,College,Men,Division I,North Central,Lake Superior DI,1353
Northern Michigan,Riptide,College,Men,Division I,North Central,Lake Superior DI,1354
Wisconsin-River Falls,Gyrfalcons,College,Men,Division III,North Central,Lake Superior DIII,1355
Milwaukee School of Engineering,Ducks,College,Men,Division III,North Central,Lake Superior DIII,1356
Carthage,,College,Men,Division III,North Central,Lake Superior DIII,1357
Wisconsin-Green Bay,,College,Men,Division III,North Central,Lake Superior DIII,1358
Massachusetts-Dartmouth,,College,Men,Division I,New England,Metro Boston DI,1359
Wentworth,,College,Men,Division III,New England,Metro Boston DIII,1360
Wheaton MA,,College,Men,Division III,New England,Metro Boston DIII,1361
Stonehill,Stonehill College Men's Ultimate,College,Men,Division III,New England,Metro Boston DIII,1362
Harvard B,,College,Men,Developmental,New England,Metro Boston Dev,1363
Tufts C,,College,Men,Developmental,New England,Metro Boston Dev,1364
Connecticut B,,College,Men,Developmental,Metro East,Metro East Dev,1365
SUNY-Stony Brook B,,College,Men,Developmental,Metro East,Metro East Dev,1366
SUNY-Oneonta B,,College,Men,Developmental,Metro East,Metro East Dev,1367
New Jersey Tech,Highlanders,College,Men,Division I,Metro East,Metro NY DI,1368
Western Michigan,Dark Horse,College,Men,Division I,Great Lakes,Michigan D-I,1369
Sacramento State,Sac State,College,Men,Division I,Southwest,NorCal D-I,1370
Marquette B,,College,Men,Developmental,North Central,North Central Dev,1371
Luther B,,College,Men,Division III,North Central,West Plains DIII,1372
Minnesota C,,College,Men,Division I,North Central,Northwoods D-I,1373
Wisconsin C,,College,Men,Developmental,North Central,North Central Dev,1374
Roanoke,,College,Men,Division III,Atlantic Coast,Northern Atlantic Coast D-III,1375
North Texas B,,College,Men,Division I,South Central,North Texas DI,1376
Minnesota State-Mankato,BlueSkunks,College,Men,Division I,North Central,Northwoods D-I,1377
North Dakota State,Sky Bison,College,Men,Division I,North Central,Northwoods D-I,1378
Bethel,Bethel Ultimate,College,Men,Division III,North Central,Northwoods D-III,1379
Kent State,Kent State Damn Gravity,College,Men,Division I,Ohio Valley,Ohio D-I,1380
John Carroll,Thor Ultimate,College,Men,Division III,Ohio Valley,Ohio D-III,1381
Ohio Northern,Darkside,College,Men,Division III,Ohio Valley,Ohio D-III,1382
Ohio Wesleyan,Firedogs,College,Men,Division III,Ohio Valley,Ohio D-III,1383
Ohio State B,,College,Men,Division I,Ohio Valley,Ohio D-I,1384
Central Arkansas,,College,Men,Division I,South Central,Ozarks D-I,1385
ColoradoMesa,,College,Men,Division I,South Central,Rocky Mountain DI,1386
Air Force B,,College,Men,Division III,South Central,Rocky Mountain DIII,1387
San Diego State University,Federalis,College,Men,Division I,Southwest,SoCal D-I,1388
Florida Tech B,,College,Men,Developmental,Southeast,Southeast Dev,1389
William & Mary B,,College,Men,Developmental,Atlantic Coast,Virginia Dev,1390
Worcester Polytechnic,,College,Men,Division III,New England,South New England D-III,1391
Clark,Clark Trigger Happy,College,Men,Division III,New England,South New England D-III,1392
Providence,PC ULTY,College,Men,Division III,New England,South New England D-III,1393
Houston,Skyline,College,Men,Division I,South Central,South Texas DI,1394
Lamar,Lamar,College,Men,Division I,South Central,South Texas DI,1395
Texas-El Paso,,College,Men,Division I,South Central,South Texas DI,1396
Texas-Rio Grande Valley,,College,Men,Division I,South Central,South Texas DI,1397
Biola,,College,Men,Division III,Southwest,Southwest D-III,1398
California B,,College,Men,Developmental,Southwest,Southwest Dev,1399
California-San Diego C,,College,Men,Developmental,Southwest,Southwest Dev,1400
Abilene Christian,,College,Men,Division III,Southwest,Texas D-III,1401
Sul Ross State,,College,Men,Division III,Southwest,Texas D-III,1402
Dallas Baptist,,College,Men,Division III,Southwest,Texas D-III,1403
Virginia Commonwealth,Villains,College,Men,Division I,Atlantic Coast,Virginia D-I,1404
Grove City,,College,Men,Division III,Ohio Valley,West Penn DIII,1405
Susquehanna,,College,Men,Division III,Ohio Valley,West Penn DIII,1406
California-Pennsylvania,,College,Men,Developmental,Ohio Valley,Ohio Valley Dev,1407
Bucknell,,College,Men,Division III,Ohio Valley,West Penn DIII,1408
Drake University,,College,Men,Division III,North Central,North Central DIII,1409
Cornell College,C-Team,College,Men,Division III,North Central,West Plains DIII,1410
Johnson,Royals,College,Men,Division III,Southeast,Southeast D-III,1411
William & Mary B,,College,Women,Developmental,Atlantic Coast,Virginia Dev,1412
Delaware B,,College,Women,Developmental,Atlantic Coast,Atlantic Coast Dev,1413
Georgetown B,,College,Women,Developmental,Atlantic Coast,Atlantic Coast Dev,1414
Davidson,DUFF,College,Women,Division III,Atlantic Coast,Atlantic Coast DIII,1415
Elon,Elon,College,Women,Division III,Atlantic Coast,Atlantic Coast DIII,1416
Utah State,USULT,College,Women,Division I,Northwest,Big Sky DI,1417
Notre Dame B,,College,Women,Developmental,Great Lakes,Eastern Great Lakes Dev,1418
Michigan State,ARC,College,Women,Division I,Great Lakes,Eastern Great Lakes D-I,1419
Southern Indiana,Fusion,College,Women,Division I,Great Lakes,East Plains DI,1420
Columbia B,,College,Women,Division I,Metro East,Eastern Metro East D-I,1421
Rutgers,Machine,College,Women,Division I,Metro East,Eastern Metro East D-I,1422
SUNY New Paltz,,College,Women,Division I,Metro East,Eastern Metro East D-I,1423
Connecticut B,,College,Women,Developmental,Metro East,Metro East Dev,1424
Maine,Nor'Easter,College,Women,Division I,New England,Greater New England DI,1425
North Park,Lost Boys,College,Women,Division III,Great Lakes,Illinois D-III,1426
Valparaiso,Deus Vult,College,Women,Division III,Great Lakes,Great Lakes DIII,1427
Wheaton Illinois,,College,Women,Division III,Great Lakes,Illinois D-III,1428
Olivet Nazarene,Black Penguins,College,Women,Division III,Great Lakes,Illinois D-III,1429
Loyola-Chicago,Darkwing,College,Women,Division I,Great Lakes,Illinois D-I,1430
Wisconsin-La Crosse,BadLUC,College,Women,Division I,North Central,Lake Superior DI,1432
Bentley,Icehouse,College,Women,Division III,New England,Metro Boston DIII,1433
Brown B,,College,Women,Developmental,New England,New England Dev,1434
Wellesley B,,College,Women,Developmental,New England,New England Dev,1435
Boston College B,,College,Women,Developmental,New England,Metro Boston Dev,1436
Tufts B,,College,Women,Developmental,New England,Metro Boston Dev,1437
Massachusetts D,,College,Women,Developmental,New England,New England Dev,1438
Boston University B,,College,Women,Developmental,New England,Metro Boston Dev,1439
Michigan Tech,,College,Women,Division III,North Central,Lake Superior DIII,1440
Carleton College-Nova,,College,Women,Division III,North Central,North Central DIII,1441
Cornell College,C-Team,College,Women,Division III,North Central,West Plains DIII,1442
Wooster,RamJam,College,Women,Division III,Ohio Valley,Ohio D-III,1443
Kenyon,SERF,College,Women,Division III,Ohio Valley,Ohio D-III,1444
Cedarville,Swarm,College,Women,Division III,Ohio Valley,Ohio D-III,1445
Ohio Northern,Darkside,College,Women,Division III,Ohio Valley,Ohio D-III,1446
Saint Louis,,College,Women,Division I,South Central,Ozarks D-I,1447
Oklahoma State,Ultimato,College,Women,Division I,South Central,Ozarks D-I,1448
Swarthmore B,,College,Women,Division III,Ohio Valley,Pennsylvania D-III,1449
Dickinson,Jive Turkeys,College,Women,Division III,Ohio Valley,West Penn DIII,1450
Missouri S&T,Miner Threat,College,Women,Division III,South Central,South Central DIII,1451
Dallas,UDU,College,Women,Division III,South Central,South Central DIII,1452
Smith,,College,Women,Division III,New England,South New England D-III,1453
Hampshire,Red Scare,College,Women,Division III,New England,South New England D-III,1454
Worcester Polytechnic,,College,Women,Division III,New England,South New England D-III,1455
Clark,Clark Trigger Happy,College,Women,Division III,New England,South New England D-III,1456
Cornell B,,College,Women,Developmental,Metro East,Metro East Dev,1457
SUNY-Binghamton,SUNY-Binghamton,College,Women,Division I,Metro East,Western NY DI,1458
Rochester,Piggies,College,Women,Division I,Metro East,Western NY DI,1459
Colgate,Jabberwock,College,Women,Division III,Metro East,Western NY DIII,1460
Hamilton,Hot Saucers,College,Women,Division III,Metro East,Western NY DIII,1461
Northern Iowa,AmmUNItion,College,Women,Division I,North Central,West Plains DI,1462
Illinois State B,,College,Men,Developmental,Great Lakes,Great Lakes Dev,1463
Southern Mississippi,Southern Miss Ultimate,College,Men,Division I,Southeast,Gulf Coast DI,1464
Texas-Dallas B,,College,Men,Division I,South Central,North Texas DI,1465
Oklahoma B,,College,Men,Division I,South Central,Ozarks DI,1466
Boston College B,,College,Men,Developmental,New England,Metro Boston Dev,1467
Hendrix,Flying Squirrels,College,Men,Division III,South Central,South Central DIII,1468
Wingate,,College,Men,Division III,Atlantic Coast,Carolina D-III,1469
North Carolina-Asheville,UNC Asheville Bulldogs,College,Women,Division III,Atlantic Coast,Atlantic Coast DIII,1470
Hendrix,Flying Squirrels,College,Women,Division III,South Central,South Central DIII,1471
Union,Electric City Plastic,College,Women,Division III,Metro East,Hudson Valley DIII,1472
Pennsylvania B,,College,Women,Developmental,Ohio Valley,Ohio Valley Dev,1473
Bates,Bates Orange Whip,College,Men,Division III,New England,North New England D-III,1474
Texas A&M C,,College,Men,Division I,South Central,South Texas DI,1475
Southern Illinois-Edwardsville,,College,Men,Division I,Great Lakes,Illinois D-I,1476
Seattle B,,College,Men,,,,1477
SUNY New Paltz,,College,Men,Division I,Metro East,Eastern Metro East D-I,1478
Miami Upper,,College,Men,,,,1479
Kettering,,College,Men,Division III,Great Lakes,East Plains DIII,1480
Winona State,Experience,College,Women,Division I,North Central,Northwoods D-I,1481
Bradley,Angry Otters,College,Men,Division III,Great Lakes,Illinois D-III,1482
Tennessee Tech,,College,Men,Division I,Southeast,Southern Appalachian DI,1483
Bates B,,College,Men,,,,1484
Brandeis B,,College,Men,Developmental,New England,Metro Boston Dev,1485
Emerson,,College,Men,Division III,New England,Metro Boston DIII,1486
Eastern Illinois,Reaper,College,Men,Division I,Great Lakes,Illinois D-I,1487
Trine,Thunder Ultimate,College,Men,Division III,Great Lakes,East Plains DIII,1488
Eastern Michigan,Fighting Hellfish,College,Women,Division I,Great Lakes,Eastern Great Lakes D-I,1489
Illinois-Chicago,Funk,College,Men,Division I,Great Lakes,Illinois D-I,1490
Wisconsin-Stevens Point,Homegrown,College,Women,Division I,North Central,Lake Superior DI,1491
Rensselaer Polytech B,,College,Men,,,,1492
Saint Joseph's,,College,Men,Division I,Ohio Valley,East Penn DI,1493
Rhode Island B,,College,Men,Developmental,New England,South New England Dev,1494
Franklin & Marshall,Deep Blue,College,Men,Division III,Ohio Valley,East Penn DIII,1495
Millersville,Moose,College,Men,Division I,Ohio Valley,East Penn DI,1496
Villanova B,,College,Men,,,,1497
Jefferson,,College,Women,Division III,Ohio Valley,Pennsylvania D-III,1498
Millersville,Moose,College,Women,Division I,Ohio Valley,East Penn DI,1499
Temple B,,College,Men,Developmental,Ohio Valley,Ohio Valley Dev,1500
Watchung Hills,,College,Women,,,,1501
Muhlenberg,Flying Squirrels,College,Women,Division III,Ohio Valley,East Penn DIII,1502
Gonzaga,GURU,College,Women,Division I,Northwest,Big Sky DI,1503
Chicago B,,College,Men,Developmental,Great Lakes,Eastern Great Lakes Dev,1504
Northwestern-St. Paul,,College,Men,Division III,North Central,Northwoods D-III,1505
Southern Indiana,Fusion,College,Men,Division I,Great Lakes,East Plains DI,1506
Northern Michigan,Riptide,College,Women,Division I,North Central,Lake Superior DI,1507
Amherst College B,,College,Men,Developmental,New England,Greater New England Dev,1508
Amherst Regional,,College,Men,,,,1509
Siena,Siena Saints,College,Men,Division III,Metro East,Hudson Valley DIII,1510
Carnegie Mellon B,,College,Women,,,,1511
Minnesota B,,College,Women,Developmental,North Central,Northwoods Dev,1512
Indiana (Pennsylvania),,College,Women,Division I,Ohio Valley,West Penn DI,1513
Massachusetts B,,College,Men,Developmental,New England,South New England Dev,1514
Carleton College-Hot Karls,,College,Men,Division III,North Central,Northwoods D-III,1515
Beloit College,,College,Men,Division III,North Central,Lake Superior DIII,1516
Harding,Harding Apocalypse,College,Men,Division I,South Central,Ozarks D-I,1517
Utah Valley,,College,Men,Division I,Northwest,Big Sky DI,1518
Western Carolina,,College,Men,Division I,Atlantic Coast,Carolina D-I,1519
North Greenville,Ninja Geese,College,Men,Division III,Atlantic Coast,Carolina D-III,1520
York Pennsylvania,,College,Men,Division III,Ohio Valley,East Penn DIII,1521
Illinois C,,College,Men,Developmental,Great Lakes,Great Lakes Dev,1522
Central Connecticut State,Blue Barracudas,College,Men,Division I,Metro East,Hudson Valley DI,1523
Connecticut College,Dasein,College,Men,Division III,Metro East,Eastern Metro East D-III,1524
Fairfield,,College,Men,Division III,Metro East,Hudson Valley DIII,1525
Vassar,Swinging Monks,College,Men,Division III,Metro East,Hudson Valley DIII,1526
Boston University B,,College,Men,Developmental,New England,Metro Boston Dev,1527
SUNY-Buffalo B,,College,Men,Developmental,Metro East,Metro East Dev,1528
Keene State,,College,Men,Division III,New England,North New England D-III,1529
Amherst B,,College,Men,Developmental,New England,South New England Dev,1530
West Chester B,,College,Men,Developmental,Ohio Valley,Pennsylvania Dev,1531
North Carolina-Wilmington B,,College,Men,Developmental,Atlantic Coast,Virginia Dev,1532
Holy Cross,Purple Heys,College,Men,Division III,New England,South New England D-III,1533
Westfield State,Owls,College,Men,Division III,New England,South New England D-III,1534
California-Davis B,,College,Men,Developmental,Southwest,Southwest Dev,1535
St Lawrence,,College,Men,Division III,Metro East,Western NY DIII,1536
Clarkson,,College,Men,Division III,Metro East,Western NY DIII,1537
Canisius,,College,Men,Division III,Metro East,Western NY DIII,1538
Maryland B,,College,Women,Developmental,Atlantic Coast,Colonial Dev,1539
Rowan,Ruf Riders,College,Women,Division I,Metro East,Metro NY DI,1540
Wesleyan B,,College,Women,Division III,Metro East,Eastern Metro East D-III,1541
Connecticut College,Dasein,College,Women,Division III,Metro East,Eastern Metro East D-III,1542
Hartford,Lighthouse,College,Women,Division III,Metro East,Hudson Valley DIII,1543
Kalamazoo,Ultimate Buzz,College,Women,Division III,Great Lakes,Illinois D-III,1544
Wisconsin-La Crosse B,,College,Women,Division I,North Central,Lake Superior DI,1545
Providence,PC ULTY,College,Women,Division III,New England,South New England D-III,1546
Vermont C,,College,Women,Developmental,New England,New England Dev,1547
Harvard B,,College,Women,Developmental,New England,Metro Boston Dev,1548
Missouri State,Missouri State,College,Women,Division I,South Central,Ozarks D-I,1549
Kansas B,,College,Women,Division I,South Central,Ozarks D-I,1550
Georgia Gwinnett,BÄR,College,Men,Division I,Southeast,Southern Appalachian DI,1551
Kennesaw State B,,College,Men,,,,1552
Marcus,,College,Men,,,,1553
California-Santa Cruz B,,College,Men,Developmental,Southwest,Southwest Dev,1554
Stanford B,,College,Men,,,,1555
Messiah College B,,College,Men,,,,1556
Johns Hopkins B,,College,Men,Developmental,Atlantic Coast,Colonial Dev,1557
Maine-Farmington,,College,Men,Division III,New England,North New England D-III,1558
Stevens Tech B,,College,Men,Developmental,Metro East,Metro East Dev,1559
Kansas B,,College,Men,Division I,South Central,Ozarks D-I,1560
Clara Brown,,College,Women,,,,1561
Stockton,Stockton,College,Men,Division I,Metro East,Metro NY DI,1562
Montana B,,College,Men,Division I,Northwest,Big Sky DI,1563
Drury,Drury VooDu,College,Men,Division III,South Central,Northern South Central DIII,1564
Emerson B,,College,Men,,,,1565
North Allegheny,,College,Men,,,,1566
Cleveland State,Burning River Vikings,College,Men,Division I,Ohio Valley,Ohio D-I,1567
Eastern Michigan,Fighting Hellfish,College,Men,Division I,Great Lakes,Eastern Great Lakes D-I,1568
Pennsylvania-Johnstown B,,College,Men,,,,1569
Trinity University,,College,Men,,,,1570
Dallas,UDU,College,Men,Division III,South Central,South Central DIII,1571
Baylor B,,College,Men,Division I,South Central,North Texas DI,1572
Carleton University,,College,Women,,,,1573
Villanova,Villanova,College,Women,Division I,Ohio Valley,East Penn DI,1574
Ferris State,,College,Men,,,,1575
Central Michigan,,College,Women,Division I,Great Lakes,Eastern Great Lakes D-I,1576
New Jersey Institute of Technology,,College,Men,,,,1577
Bates B,,College,Women,,,,1578
Simon Fraser University,,College,Women,,,,1579
Virginia Commonwealth B,,College,Men,Developmental,Atlantic Coast,Virginia Dev,1580
Cutthroat Spring 2020,,College,Men,,,,1581
San Diego State University B,,College,Women,,,,1582
Queens-Kingston,Queen's - Kingston,College,Men,Division I,Metro East,Western NY DI,1583
Stonehil,,College,Women,Division III,New England,Metro Boston DIII,1584
Gannon,Gannon Knights,College,Women,Division III,Ohio Valley,Pennsylvania D-III,1585
Clemson B,,College,Men,Developmental,Atlantic Coast,Carolina Dev,1586
Old Dominion,Monarchs,College,Men,Division I,Atlantic Coast,Virginia D-I,1587
Mars Hill,Passive Fist,College,Men,Division III,Atlantic Coast,Carolina D-III,1588
Southern Illinois,Full Tilt,College,Men,Division I,Great Lakes,Illinois D-I,1589
Calvin,Calvin Ultimate,College,Men,Division III,Great Lakes,Illinois D-III,1590
Waterloo,Warriors,College,Men,Division I,Metro East,Western NY DI,1591
SUNY-Brockport,Brockport Alumni,College,Men,Division I,Metro East,Western NY DI,1592
Le Moyne,Goblins,College,Men,Division III,Metro East,Western NY DIII,1593
SUNY-Potsdam,Perfect Storm,College,Men,Division III,Metro East,Western NY DIII,1594
Bryant B,,College,Men,Developmental,New England,South New England Dev,1595
Brown C,,College,Men,Developmental,New England,South New England Dev,1596
Rhode Island College,RIC,College,Men,Developmental,New England,New England Dev,1597
Wentworth Tech,Concrete Jungle,College,Men,Division III,New England,Metro Boston DIII,1598
Merrimack,Merrimack Ultimate,College,Men,Division III,New England,Metro Boston DIII,1599
Stonehil,,College,Men,Division III,New England,Metro Boston DIII,1600
Berklee,GottaGoFast,College,Men,Division III,New England,Metro Boston DIII,1601
Hampshire,Red Scare,College,Men,Division III,New England,South New England D-III,1602
South Dakota Mines,Skynamics,College,Men,Division III,North Central,Northwoods D-III,1603
Gustavus Adolphus,The High,College,Men,Division III,North Central,Northwoods D-III,1604
St Mary's Minnesota,,College,Men,Division III,North Central,Northwoods D-III,1605
Oregon B,,College,Men,Division I,Northwest,Cascadia D-I,1606
Philadelphia University,,College,Men,Division III,Ohio Valley,Pennsylvania D-III,1607
Pittsburgh-Johnstown,Flood,College,Men,Division III,Ohio Valley,West Penn DIII,1608
Clarion,Forkmen,College,Men,Division III,Ohio Valley,West Penn DIII,1609
Midwestern State,Cavalry,College,Men,Division III,Southwest,Texas D-III,1610
Spring Hill,SHUC,College,Men,Division III,Southeast,Southeast D-III,1611
Rhodes,Rhodekill,College,Men,Division III,Southeast,Southeast D-III,1612
Reinhardt,Wingspan,College,Men,Division III,Southeast,Southeast D-III,1613
Louisiana College,Sorrowbear,College,Men,Division III,Southeast,Southeast D-III,1614
Westmont,Westmont Wildfire,College,Men,Division III,Southwest,Southwest D-III,1615
Illinois State,Gnomes,College,Women,Division I,Great Lakes,Illinois D-I,1616
Illinois B,,College,Women,Division I,Great Lakes,Illinois D-I,1617
Bradley,Angry Otters,College,Women,Division III,Great Lakes,Illinois D-III,1618
MIT B,,College,Women,Developmental,New England,Metro Boston Dev,1619
New Hampshire B,,College,Women,Developmental,New England,New England Dev,1620
Rhode Island College,RIC,College,Women,Developmental,New England,New England Dev,1621
Rhode Island B,,College,Women,Developmental,New England,South New England Dev,1622
Wisconsin-Whitewater,Sub*Par,College,Women,Division I,North Central,Lake Superior DI,1623
Grinnell B,,College,Women,Division III,North Central,North Central DIII,1624
St Olaf B,,College,Women,Division III,North Central,North Central DIII,1625
Edinboro,Haggis,College,Women,Division I,Ohio Valley,West Penn DI,1626
Denison,Denison Frisbee Ultimate Club,College,Women,Division III,Ohio Valley,Ohio D-III,1627
Philadelphia University,,College,Women,Division III,Ohio Valley,Pennsylvania D-III,1628
Gettysburg,Gettysburg Funk,College,Women,Division III,Ohio Valley,Pennsylvania D-III,1629
Franklin & Marshall,Deep Blue,College,Women,Division III,Ohio Valley,East Penn DIII,1630
Haverford B,,College,Women,Division III,Ohio Valley,Pennsylvania D-III,1631
Harding,Harding Apocalypse,College,Women,Division I,South Central,Ozarks D-I,1632
Florida State B,,College,Women,Division I,Southeast,Florida D-I,1633
Linfield,Evil Empire,College,Men,,,,1634
Relic,,College,Men,,,,1635
Messiah B,,College,Men,,,,1636
Arkansas B,,College,Men,Division I,South Central,Ozarks D-I,1637
South Alabama,South Alabama,College,Men,,,,1638
Houston B,,College,Men,Division I,South Central,South Texas DI,1639
Southern Mississippi,Southern Miss Ultimate,College,Women,Division I,Southeast,Gulf Coast DI,1640
Central Connecticut State,Blue Barracudas,College,Women,Division I,Metro East,Hudson Valley DI,1641
Missouri B,,College,Men,Division I,South Central,Ozarks DI,1642
Gannon,Gannon Knights,College,Men,Division III,Ohio Valley,Pennsylvania D-III,1643
Southern California B,,College,Women,Developmental,Southwest,Southwest Dev,1644
San Diego State B,,College,Women,,,,1645
Colorado C,,College,Men,,,,1646
West Virginia B,,College,Men,Developmental,Ohio Valley,Ohio Valley Dev,1647
Western Illinois,Mass Hysteria,College,Men,Division I,Great Lakes,Illinois D-I,1648
Missouri S&T B,,College,Men,,,,1649
Southern Illinois,Full Tilt,College,Women,Division I,Great Lakes,Illinois D-I,1650
Elon B,,College,Men,Developmental,Atlantic Coast,Carolina Dev,1651
Armstrong Atlantic,Pirate Ultimate,College,Men,,,,1652
Bowling Green,Penguins,College,Men,Division I,Ohio Valley,Ohio D-I,1653
Williams B,,College,Men,Developmental,New England,South New England Dev,1654
Gettysburg,Gettysburg Funk,College,Men,Division III,Ohio Valley,Pennsylvania D-III,1655
Texas C,,College,Men,Division I,South Central,South Texas DI,1656
Canisius College,Wolf Pack,College,Men,Division III,Metro East,Western NY DIII,1657
SUNY-Brockport,Brockport Alumni,College,Women,Division I,Metro East,Western NY DI,1658
Queens College,MidKnight Sky,College,Men,,,,1659
Rider,Rider Rangers,College,Men,Division III,Metro East,Metro NY DIII,1660
Western Kentucky,Toppers Ultimate,College,Men,Division I,Great Lakes,East Plains DI,1661
Vanderbilt B,,College,Men,,,,1662
St Mary's (Maryland),,College,Women,Division III,Atlantic Coast,Atlantic Coast DIII,1663
Norwich,Norwich A,College,Men,Division III,New England,North New England DIII,1664
Boston College C,,College,Men,Developmental,New England,Metro Boston Dev,1665
Cal Poly-SLO B,,College,Women,Developmental,Southwest,Southwest Dev,1666
Middlebury B,,College,Women,,,,1667
New Hampshire B,,College,Men,Developmental,New England,New England Dev,1668
Wisconsin-Parkside,,College,Men,Division III,North Central,Lake Superior DIII,1669
Loras,,College,Men,Division III,North Central,West Plains DIII,1670
Lafayette,,College,Men,Division III,Ohio Valley,East Penn DIII,1671
Northern Colorado,,College,Men,Division I,South Central,Rocky Mountain DI,1672
Texas-Arlington,Yucca,College,Women,Division I,Southwest,Texas D-I,1673
IUPUI,,College,Men,Division I,Great Lakes,East Plains DI,1674
Louisville,,College,Men,Division I,Great Lakes,East Plains DI,1675
Bellarmine,,College,Men,Division III,Great Lakes,East Plains DIII,1676
Lesley,Illusion,College,Men,Division III,New England,Metro Boston DIII,1677
Olin,,College,Men,Division III,New England,Metro Boston DIII,1678
Bentley B,,College,Men,Developmental,New England,Metro Boston Dev,1679
Colby B,,College,Men,Developmental,New England,North New England Dev,1680
Roger Williams,Rainbow Fish,College,Men,Division III,New England,South New England D-III,1681
Bemidji State,,College,Men,Division III,North Central,Northwoods D-III,1682
Augustana,,College,Men,Division III,North Central,Northwoods D-III,1683
St Olaf B,,College,Men,Division III,North Central,North Central DIII,1684
Wilkes,,College,Men,Division III,Ohio Valley,East Penn DIII,1685
Lawrence,Lawrence University Men's Ultimate,College,Women,Division III,North Central,North Central DIII,1686
Macalester B,,College,Women,Division III,North Central,North Central DIII,1687
Montana B,,College,Women,Division I,Northwest,Big Sky DI,1688
Auburn B,,College,Men,,,,1689
Willamette University,,College,Women,Division III,Northwest,Northwest D-III,1690
LeTourneau,,College,Men,,,,1691
Valdosta State,,College,Men,Division I,Southeast,Southern Appalachian DI,1692
Lipscomb,,College,Women,,,,1693
Kean,,College,Men,,,,1694
Louisiana Tech,,College,Men,,,,1695
Florida C,,College,Men,,,,1696
Georgia C,,College,Men,,,,1697
Shippensburg B,,College,Men,Developmental,Ohio Valley,Pennsylvania Dev,1698
Salisbury B,,College,Men,,,,1699
Woodside,Wolverines,College,Men,,,,1700
Longwood,,College,Men,,,,1701
West Florida,,College,Men,,,,1702
Cincinnati B,,College,Men,Developmental,Ohio Valley,Ohio Dev,1703
Young Harris,,College,Men,,,,1704
Southern Polytech State,,College,Men,,,,1705
Southern Utah,,College,Men,,,,1706
SUNY-Cortland,Team Rocket,College,Women,Division III,Metro East,Western NY DIII,1707
Dartmouth B,,College,Women,Developmental,New England,North New England Dev,1708
Elgin CC,,College,Men,,,,1709
Lewis,,College,Women,,,,1710
Bucknell,,College,Women,Division III,Ohio Valley,West Penn DIII,1711
Trinity B,,College,Men,,,,1712
Iowa B,,College,Men,,,,1713
Central Florida B,,College,Women,Developmental,Southeast,Florida Dev,1714
North Carolina-Greensboro,,College,Women,,,,1715
James Madison B,,College,Women,Developmental,Atlantic Coast,Virginia Dev,1716
Smith B,,College,Women,,,,1717
Brown C,,College,Women,Developmental,New England,South New England Dev,1718
Bentley B,,College,Women,Developmental,New England,Metro Boston Dev,1719
Olin,,College,Women,Division III,New England,Metro Boston DIII,1720
Towson A,,College,Women,Division I,Atlantic Coast,Colonial D-I,1721
Wisconsin-La Crosse B,,College,Men,Division I,North Central,Lake Superior DI,1722
Wisconsin-Stout,,College,Men,Division I,North Central,Lake Superior DI,1723
Lawrence,Lawrence University Men's Ultimate,College,Men,Division III,North Central,North Central DIII,1724
Texas A&M Commerce,,College,Men,Division I,South Central,North Texas DI,1725
Lewis & Clark B,,College,Men,Division III,Northwest,Northwest D-III,1726
Youngstown State,Aperture Ultimate,College,Men,Division I,Ohio Valley,Ohio D-I,1727
Toronto,,College,Men,Division I,Metro East,Western NY DI,1728
Guelph,,College,Men,Division I,Metro East,Western NY DI,1729
Princeton B,,College,Women,Developmental,Metro East,Metro East Dev,1730
Rhodes,Rhodekill,College,Women,Division III,Southeast,Southeast D-III,1731
Eastern Illinois,Reaper,College,Women,Division I,Great Lakes,Illinois D-I,1732
Toledo,Savage,College,Women,Division I,Ohio Valley,Ohio D-I,1733
Wooster B,,College,Women,Division III,Ohio Valley,Ohio D-III,1734
Santa Clara B,,College,Women,Developmental,Southwest,Southwest Dev,1735
California-Santa Barbara B,,College,Women,Developmental,Southwest,Southwest Dev,1736
Pacific,,College,Men,Division III,Northwest,Northwest DIII,1737
Texas A&M Galveston,,College,Men,,,,1738
Armstrong State,,College,Men,Division III,Southeast,Eastern Southeast DIII,1739
Reed,Berserk,College,Women,Division III,Northwest,Northwest DIII,1740
Assumption College,,College,Men,,,,1741
Lewis,,College,Men,,,,1742
Muhlenberg College,,College,Men,Division III,Ohio Valley,Ohio Valley DIII,1743
Memphis,,College,Men,Division I,Southeast,Gulf Coast DI,1744
Carleton College - D3,,College,Men,Division III,North Central,North Central DIII,1745
San Francisco State,Fog Ultimate,College,Men,Division I,Southwest,NorCal D-I,1746
Cal Poly-Pomona B,,College,Men,Developmental,Southwest,Southwest Dev,1747
SUNY-Geneseo B,,College,Men,Division III,Metro East,Western NY DIII,1748
Penn State Altoona,,College,Men,Division III,Ohio Valley,West Penn DIII,1749
Amherst B,,College,Women,Developmental,New England,South New England Dev,1750
Toronto,,College,Women,Division I,Metro East,Western NY DI,1751
Reed,Berserk,College,Men,Division III,Northwest,Northwest DIII,1752
Nevada-Reno B,,College,Men,Developmental,Southwest,Southwest Dev,1753
Rexroth State University,,College,Women,,,,1754
Fordham,,College,Men,,,,1755
Fordham,,College,Women,,,,1756
East Tennessee State,,College,Men,Division I,Southeast,Southern Appalachian DI,1757
Pennsbury B,,College,Women,,,,1758
Cleveland State,Burning River Vikings,College,Women,Division I,Ohio Valley,Ohio D-I,1759
Yorktown/Washington-Lee,,College,Women,,,,1760
Saint Joseph's,,College,Women,Division I,Ohio Valley,East Penn DI,1761
Dalton State,,College,Men,Division III,Southeast,Eastern Southeast DIII,1762
New York Tech,,College,Men,Division III,Metro East,Metro NY DIII,1763
North Carolina-Charlotte,Charlotte,College,Women,Division I,Atlantic Coast,Carolina D-I,1764
Stonehill,Stonehill College Men's Ultimate,College,Women,Division III,New England,Metro Boston DIII,1765
Tufts C,,College,Women,Developmental,New England,Metro Boston Dev,1766
St. Olaf B,,College,Women,Division III,North Central,North Central DIII,1767
Scranton,Electric City Scranton Ultimate,College,Women,Division III,Ohio Valley,East Penn DIII,1768
Colorado-Denver,Frostbite,College,Women,Division I,South Central,Rocky Mountain DI,1769
Roger Williams,Rainbow Fish,College,Women,Division III,New England,South New England D-III,1770
Alabama-Huntsville B,,College,Men,,,,1771
Columbus State,,College,Men,,,,1772
Illinois-Chicago,Funk,College,Women,Division I,Great Lakes,Illinois D-I,1773
Ottawa-Arizona,,College,Men,,,,1774
Stockton,Stockton,College,Women,Division I,Metro East,Metro NY DI,1775
Northern Arizona B,,College,Men,,,,1776
Kenyon B,,College,Men,,,,1777
Ave Maria,Cristeros,College,Women,Division III,Southeast,Eastern Southeast DIII,1778
Kalamazoo B,,College,Men,Developmental,Great Lakes,Eastern Great Lakes Dev,1779
Gordon,Gordon Commissioners,College,Men,Division III,New England,Metro Boston DIII,1780
SUNY-New Paltz,Gunx,College,Women,Division I,Metro East,Hudson Valley DI,1781
San Francisco State,Fog Ultimate,College,Women,Division I,Southwest,NorCal D-I,1782
Simon Fraser,Simon Fraser University Clan,College,Men,,,,1783
Brigham Young C,,College,Men,,,,1784
SUNY-Brockport B,,College,Men,,,,1785
Franklin Pierce,,College,Men,Division III,New England,North New England DIII,1786
Bowdoin B,,College,Men,Developmental,New England,North New England Dev,1787
York,,College,Men,Division III,Ohio Valley,East Penn DIII,1788
San Diego,,College,Men,Division III,Southwest,Southwest DIII,1789
Gustavus Adolphus,The High,College,Women,Division III,North Central,Northwoods D-III,1790
Redlands,,College,Women,,,,1791
Hanover,,College,Men,,,,1792
Brigham Young-Idaho,,College,Women,,,,1793
Brigham Young-Idaho,,College,Men,,,,1794
Hunter College,,College,Men,,,,1795
Manitoba,,College,Men,Division I,North Central,Northwoods DI,1796
Nichols,,College,Men,Division III,New England,South New England DIII,1797
Averett,,College,Men,Developmental,Atlantic Coast,Virginia Dev,1798
Texas Christian B,,College,Men,,,,1799
Raritan Valley,,College,Men,,,,1800
Walter Payton,,College,Women,,,,1801
Northeastern C,,College,Women,Developmental,New England,Metro Boston Dev,1802
Ohio Valley,,College,Men,,,,1803
Union (Tennessee),,College,Women,Division III,Southeast,Southeast D-III,1804
